parentised_smiles	ID	class_label
Brc1ccc(cc1)C(=O)N1CCCCc2ccccc12	chembl_20814	POSITIVE
Brc1ccc-2c(CCCc3nnc(C4CCN(CC4)c4ccccn4)n-23)c1	chembl_20590	POSITIVE
Brc1ccc-2c(CCCc3nnc([C@H]4CC[C@@H](CC4)Oc4ccccn4)n-23)c1	chembl_21150	POSITIVE
C#Cc1ccc-2c(CCCc3nnc(C4CCN(CC4)c4ccccn4)n-23)c1	chembl_20483	POSITIVE
C(N1CCOCC1)c1nnc(C2CCN(CC2)c2ccccn2)n1Cc1ccccc1	chembl_21080	POSITIVE
C(c1nnc(C2CCN(CC2)c2ccccn2)n1Cc1ccccc1)n1nccn1	chembl_20931	POSITIVE
C1CN(CCC1c1nnc2CCCc3ccccc3-n12)c1ccccn1	chembl_21321	POSITIVE
C1CN(CCC1c1nnc2CNCc3ccccc3-n12)c1ccccn1	chembl_20932	NEGATIVE
C1CN(CCC1c1nnc2COCc3ccccc3-n12)c1ccccn1	chembl_21211	POSITIVE
C1C[C@@H](CC[C@H]1Oc1ccccn1)c1nnc2CCCc3ccccc3-n12	chembl_20711	POSITIVE
CC(=O)N1CCC(CC1)Oc1ccc(CC(=O)N2CCC(CC2)N2C(=O)OCc3ccccc23)c(OCC(F)(F)F)c1	chembl_20674	POSITIVE
CC(=O)N1CCC(CC1)Oc1ccc(cc1)C(=O)N1CCC(CC1)N1C(=O)OCc2ccccc12	chembl_20738	NEGATIVE
CC(=O)N1CCCC(COc2ccc(cc2)C(=O)N2CCC(CC2)N2C(=O)OCc3ccccc23)C1	chembl_21422	NEGATIVE
CC(=O)N1CCCCC1CCOc1ccc(cc1)C(=O)N1CCC(CC1)N1C(=O)OCc2ccccc12	chembl_20469	NEGATIVE
CC(=O)N1CCN(C(=O)N2CCN(CC2)c2ccccc2C)c2ccc(Cl)cc12	chembl_21243	NEGATIVE
CC(=O)N1CCN(C(=O)N2CCN(CC2)c2ccccc2C)c2ccc(F)cc12	chembl_21468	POSITIVE
CC(=O)N1CN(C(=O)N2CCN(CC2)c2ccccc2C)c2ccc(Cl)cc2C1	chembl_20657	POSITIVE
CC(=O)N1Cc2nnc(C3CCN(CC3)c3ccccn3)n2-c2ccc(Cl)cc2C1	chembl_21284	POSITIVE
CC(=O)N1c2cc(Cl)ccc2-n2c(nnc2C1(C)C)C1CCN(CC1)c1ccccn1	chembl_21381	NEGATIVE
CC(=O)NC(C)(CNC(=O)Cn1nc(-c2ccc(Cl)cc2)n(C[C@H](O)C(F)(F)F)c1=O)c1cccc(c1)C(F)(F)F	chembl_20640	POSITIVE
CC(=O)NCCCOc1ccc(cc1)C(=O)N1CCC(CC1)N1C(=O)CCc2ccccc12	chembl_21056	NEGATIVE
CC(=O)NCCCOc1ccc(cc1)C(=O)N1CCC(CC1)N1C(=O)NCc2ccccc12	chembl_20526	NEGATIVE
CC(=O)NCCCOc1ccc(cc1)C(=O)N1CCC(CC1)N1C(=O)OCc2ccccc12	chembl_20676	NEGATIVE
CC(=O)N[C@@H](Cc1ccc(cc1)C(=O)c1ccccc1)C(=O)N[C@@H](Cc1ccccc1)C(=O)N[C@@H](CCC(N)=O)C(=O)N[C@@H](CC(N)=O)C(=O)N[C@@H](CCCNC(N)=N)C(=O)N1CCC[C@@H]1C(=O)N[C@@H](CCCNC(N)=N)C(=O)N[C@@H](Cc1ccc(O)c(I)c1)C(N)=O	chembl_20745	NEGATIVE
CC(=O)N[C@@H](Cc1ccccc1)C(=O)N[C@H]1CCCNC(=O)[C@H](CCCNC(N)=N)NC(=O)[C@H](Cc2c[nH]c3ccccc23)NC(=O)[C@@H](CC2CCCCC2)NC(=O)[C@@H]2CCCN2C1=O	chembl_20877	POSITIVE
CC(=O)N[C@H](Cc1ccc(cc1)C(=O)c1ccccc1)C(=O)N[C@@H](Cc1ccccc1)C(=O)N[C@@H](CCC(N)=O)C(=O)N[C@@H](CC(N)=O)C(=O)N[C@@H](CCCNC(N)=N)C(=O)N1CCC[C@@H]1C(=O)N[C@@H](CCCNC(N)=N)C(=O)N[C@@H](Cc1ccc(O)c(I)c1)C(N)=O	chembl_21074	POSITIVE
CC(=O)Nc1ccc(cc1)C(=O)N1CCCCc2ccccc12	chembl_21265	NEGATIVE
CC(=O)Nc1cccc(c1)-c1cc(Cl)c(cc1Cl)C(=O)N1C[C@]2(C)C[C@H]1CC(C)(C)C2	chembl_20452	NEGATIVE
CC(=O)Nc1cccc(c1)-c1ccc(-c2ccc(C(=O)N3C[C@]4(C)C[C@H]3CC(C)(C)C4)c(Cl)c2)c2ccccc12	chembl_21050	POSITIVE
CC(=O)Nc1cccc(c1)-c1ccc(C(=O)N2C[C@]3(C)C[C@H]2CC(C)(C)C3)c(Cl)c1	chembl_21498	POSITIVE
CC(=O)Nc1cccc(c1)-c1ccc(C(=O)N2C[C@]3(C)C[C@H]2CC(C)(C)C3)c(Cl)c1Cl	chembl_20904	POSITIVE
CC(C)(C)C(=O)C(N1[C@H](\C=C\c2ccccc2)[C@H](N2[C@H](COC2=O)c2ccccc2)C1=O)C(=O)OCc1ccccc1	chembl_20670	POSITIVE
CC(C)(C)C(=O)C(N1[C@H](\C=C\c2ccco2)[C@H](N2[C@H](COC2=O)c2ccccc2)C1=O)C(=O)OCc1ccccc1	chembl_21071	POSITIVE
CC(C)(C)C(=O)[C@H](N1C(\C=C\c2ccccc2)[C@H](N2[C@@H](COC2=O)c2ccccc2)C1=O)C(=O)N1CCC(CCN2CCCCC2)CC1	chembl_20478	POSITIVE
CC(C)(C)C(O)C(N1[C@H](\C=C\c2ccccc2)[C@H](N2[C@H](COC2=O)c2ccccc2)C1=O)C(=O)OCc1ccccc1	chembl_20505	POSITIVE
CC(C)(C)NC(=O)[C@@H]1C[C@@H]2CCCC[C@@H]2CN1C[C@@H](O)[C@H](Cc1ccccc1)NC(=O)[C@H](CC(N)=O)NC(=O)c1ccc2ccccc2n1	chembl_70	NEGATIVE
CC(C)(C)NS(=O)(=O)c1ccc(-c2sc(nc2CC2CCCCC2)C(=O)N[C@H]2C[C@@H](C2)C(O)=O)c2ccccc12	chembl_7546	POSITIVE
CC(C)(C)OC(=O)NC(CNC(=O)Cn1nc(-c2ccc(Cl)cc2)n(C[C@H](O)C(F)(F)F)c1=O)c1cccc(Cl)c1Cl	chembl_20639	POSITIVE
CC(C)(C)OC(=O)NC(CNC(=O)Cn1nc(-c2ccc(Cl)cc2)n(C[C@H](O)C(F)(F)F)c1=O)c1ccccc1C(F)(F)F	chembl_20778	POSITIVE
CC(C)(C)OC(=O)NC(CNC(=O)Cn1nc(-c2ccc(Cl)s2)n(Cc2ccccc2F)c1=O)c1ccccc1C(F)(F)F	chembl_20995	POSITIVE
CC(C)(C)c1ccc(cc1)S(=O)(=O)N(CC(=O)N\N=C1\C(=O)Nc2ccccc12)c1ccc(Cl)cc1	chembl_21049	NEGATIVE
CC(C)C(=O)N1CC(C(=O)N2CCN(CC2)c2ccccc2C)c2ccc(Cl)cc2C1	chembl_20920	POSITIVE
CC(C)C(=O)N1CN(C(=O)N2CCN(CC2)c2ccccc2C)c2ccc(Cl)cc2C1	chembl_21440	POSITIVE
CC(C)CC[C@H](NC(=O)[C@@H]1CCCN1C(=O)[C@H](CCCN)NC(=O)[C@H](Cc1ccccc1)NC(=O)[C@@H]1CC(=O)NC(=O)N1)C(=O)N[C@@H](Cc1ccc(F)cc1)C(=O)N[C@H](Cc1ccccc1)C(N)=O	chembl_21449	POSITIVE
CC(C)C[C@@H]1NC(=O)[C@@H](Cc2ccccc2)NC(=O)[C@H](Cc2ccc(O)cc2)NC(=O)CCSSC[C@@H](NC(=O)[C@@H](CC(N)=O)NC1=O)C(=O)N1CCC[C@@H]1C(=O)N[C@@H](CCCNC(N)=N)C(=O)NCC(N)=O	chembl_21193	POSITIVE
CC(C)C[C@@H]1NC(=O)[C@H](Cc2ccccc2)NC(=O)[C@H](Cc2ccc(O)cc2)NC(=O)C(O)CSSC[C@H](NC(=O)[C@H](CC(N)=O)NC1=O)C(=O)N1CCC[C@H]1C(=O)N[C@@H](CCCCN)C(=O)NCC(O)=O	chembl_20535	POSITIVE
CC(C)C[C@@H]1NC(=O)[C@H](Cc2ccccc2)NC(=O)[C@H](Cc2ccc(O)cc2)NC(=O)C(O)CSSC[C@H](NC(=O)[C@H](CC(N)=O)NC1=O)C(=O)N1CCC[C@H]1C(=O)N[C@@H](CCCCNC(=O)CCCCCCCCCCN)C(=O)NCC(O)=O	chembl_20954	NEGATIVE
CC(C)C[C@@H]1NC(=O)[C@H](Cc2ccccc2)NC(=O)[C@H](Cc2ccc(O)cc2)NC(=O)C(O)CSSC[C@H](NC(=O)[C@H](CC(N)=O)NC1=O)C(=O)N1CCC[C@H]1C(=O)N[C@@H](CCCCNC(=O)c1ccc(c(c1)C(O)=O)-c1c2ccc(N)c(c2oc2c(c(=N)ccc12)S(O)(=O)=O)S(O)(=O)=O)C(=O)NCC(O)=O	chembl_20970	NEGATIVE
CC(C)C[C@@H]1NC(=O)[C@H](Cc2ccccc2)NC(=O)[C@H](Cc2ccc(O)cc2)NC(=O)CCSSC[C@H](NC(=O)[C@H](CC(N)=O)NC1=O)C(=O)N1CCC[C@H]1C(=O)N[C@@H](CCCCN)C(=O)NCC(O)=O	chembl_21335	POSITIVE
CC(C)C[C@@H]1NC(=O)[C@H](Cc2ccccc2)NC(=O)[C@H](Cc2ccc(O)cc2)NC(=O)CCSSC[C@H](NC(=O)[C@H](CC(N)=O)NC1=O)C(=O)N1CCC[C@H]1C(=O)N[C@@H](CCCCNC(=O)CCCCCCCCCCN)C(=O)NCC(O)=O	chembl_21275	POSITIVE
CC(C)C[C@@H]1NC(=O)[C@H](Cc2ccccc2)NC(=O)[C@H](Cc2ccc(O)cc2)NC(=O)CCSSC[C@H](NC(=O)[C@H](CC(N)=O)NC1=O)C(=O)N1CCC[C@H]1C(=O)N[C@@H](CCCCNC(=O)CCCCCCN)C(=O)NCC(O)=O	chembl_20608	POSITIVE
CC(C)C[C@@H]1NC(=O)[C@H](Cc2ccccc2)NC(=O)[C@H](Cc2ccc(O)cc2)NC(=O)CCSSC[C@H](NC(=O)[C@H](CC(N)=O)NC1=O)C(=O)N1CCC[C@H]1C(=O)N[C@@H](CCCCNC(=O)CCN)C(=O)NCC(O)=O	chembl_21245	POSITIVE
CC(C)C[C@@H]1NC(=O)[C@H](Cc2ccccc2)NC(=O)[C@H](Cc2ccc(O)cc2)NC(=O)CCSSC[C@H](NC(=O)[C@H](CC(N)=O)NC1=O)C(=O)N1CCC[C@H]1C(=O)N[C@@H](CCCCNC(=O)c1ccc(c(c1)C(O)=O)-c1c2ccc(N)c(c2oc2c(c(=N)ccc12)S(O)(=O)=O)S(O)(=O)=O)C(=O)NCC(O)=O	chembl_21276	POSITIVE
CC(C)C[C@@H]1NC(=O)[C@H](Cc2ccccc2)NC(=O)[C@H](Cc2ccc(O)cc2)NC(=O)CCSSC[C@H](NC(=O)[C@H](CC(N)=O)NC1=O)C(=O)N1CCC[C@H]1C(=O)N[C@@H](CCCCNC(=O)c1ccccc1N)C(=O)NCC(O)=O	chembl_21361	POSITIVE
CC(C)C[C@@H]1NC(=O)[C@H](Cc2ccoc2)N(C)C(=O)[C@@H](NC(=O)[C@H](Cc2ccoc2)N(C)C1=O)C(C)C	chembl_20628	NEGATIVE
CC(C)C[C@H](N1[C@H](\C=C\c2ccccc2)[C@H](N2[C@H](COC2=O)c2ccccc2)C1=O)C(=O)N1CCC(CC1)N1CCCCC1	chembl_20963	POSITIVE
CC(C)C[C@H](N1[C@H](\C=C\c2ccccc2)[C@H](N2[C@H](COC2=O)c2ccccc2)C1=O)C(=O)N1CCC(CCN2CCCCC2)CC1	chembl_21102	POSITIVE
CC(C)C[C@H](N1[C@H](\C=C\c2ccccc2)[C@H](N2[C@H](COC2=O)c2ccccc2)C1=O)C(=O)NCc1ccc(Cl)cc1	chembl_21039	POSITIVE
CC(C)C[C@H](N1[C@H](\C=C\c2ccccc2)[C@H](N2[C@H](COC2=O)c2ccccc2)C1=O)C(=O)NCc1cccc(Cl)c1	chembl_21286	POSITIVE
CC(C)C[C@H](N1[C@H](\C=C\c2ccccc2)[C@H](N2[C@H](COC2=O)c2ccccc2)C1=O)C(=O)NCc1cccc(c1)C(F)(F)F	chembl_21406	POSITIVE
CC(C)C[C@H](N1[C@H](\C=C\c2ccccc2)[C@H](N2[C@H](COC2=O)c2ccccc2)C1=O)C(=O)NCc1ccccc1	chembl_20888	POSITIVE
CC(C)C[C@H](N1[C@H](\C=C\c2ccccc2)[C@H](N2[C@H](COC2=O)c2ccccc2)C1=O)C(=O)NCc1ccccc1Cl	chembl_21164	POSITIVE
CC(C)C[C@H](N1[C@H](\C=C\c2ccccc2)[C@H](N2[C@H](COC2=O)c2ccccc2)C1=O)C(=O)OCc1ccccc1	chembl_21515	POSITIVE
CC(C)C[C@H]1N([C@@H](C(=O)N(C)C)c2ccc(F)cc2F)C(=O)[C@H](NC1=O)C1Cc2ccccc2C1	chembl_21183	POSITIVE
CC(C)C[C@H]1N([C@@H](C(=O)NC(C)C)c2ccc(F)cc2F)C(=O)[C@H](NC1=O)C1Cc2ccccc2C1	chembl_20752	NEGATIVE
CC(C)N1CCN(CC1)C(=O)C(N1[C@H](\C=C\c2ccccc2)[C@H](N2[C@H](COC2=O)c2ccccc2)C1=O)C(=O)NCc1cccc(c1)C(F)(F)F	chembl_20561	POSITIVE
CC(C)N1CCN(CC1)C(=O)CC[C@@H](N1[C@H](\C=C\c2ccccc2)[C@H](N2[C@H](COC2=O)c2ccccc2)C1=O)C(=O)NCc1cccc(c1)C(F)(F)F	chembl_21369	POSITIVE
CC(C)NC(=O)C[C@H]1CCCN(C(=O)c2ccc(cc2Cl)N2CCCC2)c2ccccc12	chembl_20655	POSITIVE
CC(C)[C@@H]1NC(=O)[C@H](Cc2ccccc2)NC(=O)[C@H](Cc2ccc(O)cc2)NC(=O)CCSSC[C@H](NC(=O)[C@H](CC(N)=O)NC1=O)C(=O)N1CCC[C@H]1C(=O)N[C@@H](CCCNC(N)=N)C(=O)NCC(N)=O	chembl_20857	POSITIVE
CC(C)[C@H](NC(=O)N(C)Cc1csc(n1)C(C)C)C(=O)N[C@H](C[C@H](O)[C@H](Cc1ccccc1)NC(=O)OCc1cncs1)Cc1ccccc1	chembl_167	NEGATIVE
CC(CCO)NC(=O)[C@@H](Cc1ccc(Cl)cc1)NC(=O)Cc1ccc(Cl)cc1	chembl_21105	POSITIVE
CC(O)CCNC(=O)[C@@H](Cc1ccc(Cl)cc1)NC(=O)Cc1ccc(Cl)cc1	chembl_20910	POSITIVE
CC1(C)Nc2cc(Cl)ccc2-n2c(nnc12)C1CCN(CC1)c1ccccn1	chembl_21066	POSITIVE
CC1(C)[C@@H]2CC[C@@]1(CS(=O)(=O)N1CCC3(CC1)C=Cc1ccccc31)[C@@](O)(CC(O)=O)C2	chembl_21489	NEGATIVE
CC1(OCCO1)C(N1[C@H](\C=C\c2ccccc2)[C@H](N2C(=O)c3ccccc3C2=O)C1=O)C(=O)OCc1ccccc1	chembl_21225	NEGATIVE
CC1(OCCO1)C(N1[C@H](\C=C\c2ccccc2)[C@H](N2[C@H](COC2=O)c2ccccc2)C1=O)C(=O)NCc1ccccc1	chembl_20889	POSITIVE
CC1(OCCO1)C(N1[C@H](\C=C\c2ccccc2)[C@H](N2[C@H](COC2=O)c2ccccc2)C1=O)C(=O)OCC[Si](C)(C)C	chembl_21165	POSITIVE
CC1(OCCO1)C(N1[C@H](\C=C\c2ccccc2)[C@H](N2[C@H](COC2=O)c2ccccc2)C1=O)C(=O)OCc1ccccc1	chembl_20856	POSITIVE
CC1CC(C)(C)N=C2C1CC1=C(c3cc4C(C)CC(C)(C)Nc4c(c3OC1C2S(O)(=O)=O)S(O)(=O)=O)c1c(Cl)c(SCC(=O)NCCCCCC(=O)N([C@@H](CCCCN)C(N)=O)C(=O)[C@H]2CCN(C2)C(=O)[C@H](CCCNC(N)=N)NC(=O)[C@H](CC(N)=O)NC(=O)[C@H](CCC(N)=O)NC(=O)[C@H](Cc2ccccc2)NC(=O)[C@@H](Cc2ccc(O)cc2)N(C)C(=O)CCc2ccc(O)cc2)c(Cl)c(Cl)c1C(O)=O	chembl_21507	POSITIVE
CCCCN(CC(=O)N[C@@H](CC(C)C)C(=O)NCC(N)=O)C(=O)[C@@H]1CCSCCC(=O)N[C@@H](Cc2ccccc2)C(=O)N[C@@H]([C@@H](C)CC)C(=O)N[C@@H](CCC(N)=O)C(=O)N[C@@H](CC(N)=O)C(=O)N1	chembl_21032	POSITIVE
CCCCN(CC(=O)N[C@@H](CC(C)C)C(=O)NCC(N)=O)C(=O)[C@@H]1CSCCCC(=O)N[C@@H](Cc2ccccc2)C(=O)N[C@@H]([C@@H](C)CC)C(=O)N[C@@H](CCC(N)=O)C(=O)N[C@@H](CC(N)=O)C(=O)N1	chembl_20807	POSITIVE
CCCCN1CCN(CC1)C(=O)C(N1[C@H](\C=C\c2ccccc2)[C@H](N2[C@H](COC2=O)c2ccccc2)C1=O)C(=O)NCc1cccc(c1)C(F)(F)F	chembl_20480	POSITIVE
CCCCN1CCN(CC1)C(=O)CC[C@@H](N1[C@H](\C=C\c2ccccc2)[C@H](N2[C@H](COC2=O)c2ccccc2)C1=O)C(=O)NCc1cccc(c1)C(F)(F)F	chembl_21162	POSITIVE
CCCCNCc1ccc(cc1)-c1nc(CN(C2CCCC2)S(=O)(=O)c2ccc(OC)cc2)cs1	chembl_21455	NEGATIVE
CCCCOc1ccc(cc1)S(=O)(=O)N(CC(=O)N\N=C1/C(=O)Nc2ccccc12)c1ccc(Cl)cc1	chembl_21253	NEGATIVE
CCCC[C@@H]1NC(=O)[C@H](Cc2ccccc2)NC(=O)[C@H](Cc2ccc(O)cc2)NC(=O)CCSSC[C@H](NC(=O)[C@H](CC(N)=O)NC1=O)C(=O)N1CCC[C@H]1C(=O)N[C@@H](CCCNC(N)=N)C(=O)NCC(N)=O	chembl_20475	POSITIVE
CCCCc1ccc(cc1)C(=O)N1CCCCc2ccccc12	chembl_21448	POSITIVE
CCCCc1nnc(C2CCN(CC2)c2ccccn2)n1Cc1ccccc1	chembl_21226	POSITIVE
CCCN(CCCN1CCN(C)CC1)C(=O)[C@H](Cc1ccc(Cl)cc1)NS(=O)(=O)c1c(C)cc(OC)c(C)c1C	chembl_20536	POSITIVE
CCCN1CCN(CC1)C(=O)CC[C@H](N1[C@H](\C=C\c2ccccc2)[C@H](N2[C@H](COC2=O)c2ccccc2)C1=O)C(=O)NCc1cccc(c1)C(F)(F)F	chembl_21040	POSITIVE
CCCNC(=O)[C@@H](Cc1ccc(Cl)cc1)NC(=O)Cc1ccc(Cl)cc1	chembl_21005	POSITIVE
CCCNC(=O)\C=C1\c2ccccc2N(CCC1(F)F)C(=O)c1ccc(cc1Cl)-n1ccc(C)n1	chembl_21242	POSITIVE
CCCNC1CCN(CC1)S(=O)(=O)CCC1CCc2ccccc2N1S(=O)(=O)c1ccc(OC)cc1OC	chembl_20989	NEGATIVE
CCCNCc1ccc(cc1)-c1nc(CN(C2CCCC2)S(=O)(=O)c2ccc(OC)cc2)cs1	chembl_20644	NEGATIVE
CCCOc1ccc(cc1)S(=O)(=O)N(CC(=O)N\N=C1/C(=O)Nc2ccccc12)c1ccc(C)cc1	chembl_20946	NEGATIVE
CCCOc1ccc(cc1)S(=O)(=O)N(CC(=O)N\N=C1/C(=O)Nc2ccccc12)c1ccc(Cl)cc1	chembl_20784	NEGATIVE
CCC[C@@H]1NC(=O)[C@H](Cc2ccccc2)NC(=O)[C@H](Cc2ccc(O)cc2)NC(=O)CCSSC[C@H](NC(=O)[C@H](CC(N)=O)NC1=O)C(=O)N1CCC[C@H]1C(=O)N[C@@H](CCCNC(N)=N)C(=O)NCC(N)=O	chembl_20879	POSITIVE
CCCc1ccc(cc1)-c1ccc(cc1)C(=O)N1Cc2cccn2Cc2ccccc12	chembl_20706	POSITIVE
CCCc1ccc(cc1)C(=O)N1CCCCc2ccccc12	chembl_20810	POSITIVE
CCCc1ccc(cc1)S(=O)(=O)N(CC(=O)N\N=C1/C(=O)Nc2ccccc12)c1ccc(Cl)cc1	chembl_21059	NEGATIVE
CCN(C(=O)c1cnc(cn1)-c1ccc(cc1C)C#N)c1ccc(OC)nc1	chembl_20446	NEGATIVE
CCN(C(=O)c1cnc(cn1)-c1cccc(F)c1C)c1ccc(OC)nc1	chembl_21218	NEGATIVE
CCN(C(=O)c1cnc(cn1)-c1ccccc1C)c1ccc(OC)nc1	chembl_20623	NEGATIVE
CCN(CC)Cc1ccc(cc1)-c1nc(CN(C2CCCC2)S(=O)(=O)c2ccc(OC)cc2)cs1	chembl_21252	NEGATIVE
CCN(CCCN1CCN(C)CC1)C(=O)[C@H](Cc1ccc(Cl)cc1)NS(=O)(=O)c1c(C)cc(OC)c(C)c1C	chembl_20907	POSITIVE
CCN(Cc1cccnc1)C(=O)c1ccc(Cl)c(c1)[C@]1(C)C(=O)N(Cc2ccc(OC)cc2OC)c2ccc(Cl)cc12	chembl_20901	POSITIVE
CCN1C(=CC=CC=CC2=[N+](CC)c3ccc(cc3C2(C)CCCC(=O)NCCOCCOCCOCCn2cc(CNC(=O)CCC(=O)NC3CCCN(C(=O)c4ccc(NC(=O)c5ccccc5-c5ccccc5)cc4)c4ccccc34)nn2)S(O)(=O)=O)C(C)(C)c2cc(ccc12)S(O)(=O)=O	chembl_21015	NEGATIVE
CCN1C(=CC=CC=CC2=[N+](CC)c3ccc(cc3C2(C)CCCC(=O)NCCn2cc(CNC(=O)CCC(=O)NC3CCCN(C(=O)c4ccc(NC(=O)c5ccccc5-c5ccccc5)cc4)c4ccccc34)nn2)S(O)(=O)=O)C(C)(C)c2cc(ccc12)S(O)(=O)=O	chembl_20575	POSITIVE
CCNC(=O)OCC(CNC(=O)Cn1nc(-c2ccc(Cl)cc2)n(C[C@H](O)C(F)(F)F)c1=O)c1cccc(c1)C(F)(F)F	chembl_21118	POSITIVE
CCOCc1nnc(-c2ccc(OCC)c(C)c2)n1-c1ccc(OC)nc1	chembl_20617	POSITIVE
CCOCc1nnc(C2CCN(CC2)c2ccccn2)n1Cc1ccccc1	chembl_21486	POSITIVE
CCOCc1nnc(N2C[C@@H]3C[C@@]3(C2)c2ccc(F)cc2Cl)n1-c1ccc(OC)nc1	chembl_20656	NEGATIVE
CCOc1cc(ccc1NC(=O)c1cc(F)ccc1Cl)C(=O)N1CC[C@@]2(CCC(=C2)C(O)=O)Cc2ccccc12	chembl_21492	POSITIVE
CCOc1ccc(C[C@@H]2NC(=O)CCCSC[C@H](NC(=O)[C@H](CC(N)=O)NC(=O)[C@H](CCC(N)=O)NC(=O)[C@@H](NC2=O)[C@@H](C)CC)C(=O)N2C[C@@H](O)C[C@H]2C(=O)N[C@@H](CC(C)C)C(=O)NCC(N)=O)cc1	chembl_21033	POSITIVE
CCOc1ccc(C[C@@H]2NC(=O)CCCSC[C@H](NC(=O)[C@H](CC(N)=O)NC(=O)[C@H](CCC(N)=O)NC(=O)[C@@H](NC2=O)[C@@H](C)CC)C(=O)N2C[C@H](C[C@H]2C(=O)N[C@@H](CC(C)C)C(=O)NCC(N)=O)OC)cc1	chembl_20571	POSITIVE
CCOc1ccc(C[C@H]2NC(=O)CCSSC[C@H](NC(=O)[C@H](CC(N)=O)NC(=O)[C@@H](NC(=O)[C@@H](NC2=O)[C@@H](C)CC)[C@@H](C)O)C(=O)N2CCC[C@H]2C(=O)N[C@@H](CCCN)C(=O)NCC(N)=O)cc1	chembl_20973	POSITIVE
CCOc1ccc(cc1)S(=O)(=O)N(CC(=O)N1Cc2ccccc2C1C(N)=O)c1ccc(OC)cc1	chembl_20788	NEGATIVE
CCOc1ccc(cc1)S(=O)(=O)N(CC(=O)N1Cc2ccccc2CC1C(N)=O)c1ccc(OC)cc1	chembl_20626	POSITIVE
CCOc1ccc(cc1)S(=O)(=O)N(CC(=O)N1Cc2ccccc2CC1CC(N)=O)c1ccc(C)cc1	chembl_20621	NEGATIVE
CCOc1ccc(cc1)S(=O)(=O)N(CC(=O)N1Cc2ccccc2CC1CC(N)=O)c1ccc(OC)cc1	chembl_20828	NEGATIVE
CCOc1ccc(cc1)S(=O)(=O)N(CC(=O)N\N=C1/C(=O)Nc2ccccc12)c1ccc(C)cc1	chembl_21390	NEGATIVE
CCOc1ccc(cc1)S(=O)(=O)N(CC(=O)N\N=C1/C(=O)Nc2ccccc12)c1ccc(Cl)cc1	chembl_21330	POSITIVE
CCOc1ccc(cc1)S(=O)(=O)N(CC(=O)N\N=C1/C(=O)Nc2ccncc12)c1ccc(Cl)cc1	chembl_21047	NEGATIVE
CCOc1ccc(cc1)S(=O)(=O)N(CC(=O)N\N=C\c1ccccc1O)c1ccc(C)cc1	chembl_20825	NEGATIVE
CCOc1ccc(cc1)S(=O)(=O)N(CC(=O)N\N=C\c1ccccc1O)c1ccc(Cl)cc1	chembl_21291	POSITIVE
CCOc1ccc(cc1)S(=O)(=O)N(CC(=O)N\N=C\c1ccccn1)c1ccc(Cl)cc1	chembl_21019	NEGATIVE
CCOc1ccc(cc1C)-c1nnc(COC)n1-c1ccc(OC)nc1	chembl_20927	NEGATIVE
CCOc1ccc(cc1C)-c1nnc(COCCOC)n1-c1ccc(OC)nc1	chembl_20846	NEGATIVE
CCOc1ccc(cc1C)-c1nnc(Cn2nccn2)n1-c1ccc(OC)nc1	chembl_20974	POSITIVE
CCOc1ccc(cc1Cl)-c1nnc(COC)n1-c1ccc(OC)nc1	chembl_20789	NEGATIVE
CCOc1ccc2N(C(=O)[C@@]3(CC[C@@H](CC3)OCCN3CCOCC3)c2c1)S(=O)(=O)c1ccc(cc1OC)C(=O)NC(C)(C)C	chembl_20870	POSITIVE
CCOc1ccc2ccccc2c1C(=O)N1CCC(O)(Cc2ccccc2)CC1	chembl_21451	NEGATIVE
CCOc1ccc2ccccc2c1C(=O)N1CCC2(CC1)OCc1ccccc21	chembl_20855	POSITIVE
CCOc1ccn(CC(=O)NCc2cc3cc(ccc3o2)C(=O)N2CCC(CC2)N2C(=O)OCc3ccccc23)c(=O)n1	chembl_20604	NEGATIVE
CC[C@@H](C)[C@H]1NC(=O)[C@@H](NC(=O)C(O)CSSC[C@@H](NC(=O)[C@@H](CC(N)=O)NC(=O)[C@@H](CCC(N)=O)NC1=O)C(=O)N1CCC[C@@H]1C(=O)N[C@@H](CCCCNC(=O)c1ccc2C(=O)OC3(c2c1)c1ccc(O)cc1Oc1cc(O)ccc31)C(=O)NCN)c1ccc(O)cc1	chembl_21513	POSITIVE
CC[C@@H](C)[C@H]1NC(=O)[C@@H](NC(=O)C(O)CSSC[C@@H](NC(=O)[C@@H](CC(N)=O)NC(=O)[C@@H](CCC(N)=O)NC1=O)C(=O)N1CCC[C@@H]1C(=O)N[C@@H](CCCNC(=O)c1ccc(C2=C3C=CC(=CC3OC3=CC(C=CC23)=[N+](C)C)N(C)C)c(c1)C(O)=O)C(=O)NCN)c1ccc(O)cc1	chembl_20585	POSITIVE
CC[C@@H](C)[C@H]1NC(=O)[C@@H](NC(=O)C(O)CSSC[C@@H](NC(=O)[C@@H](CC(N)=O)NC(=O)[C@@H](CCC(N)=O)NC1=O)C(=O)N1CCC[C@@H]1C(=O)N[C@@H](CCCNC(=O)c1ccc2C(=O)OC3(c2c1)c1ccc(O)cc1Oc1cc(O)ccc31)C(=O)NCN)c1ccc(O)cc1	chembl_20790	POSITIVE
CC[C@@H](C)[C@H]1NC(=O)[C@@H](NC(=O)C(O)CSSC[C@@H](NC(=O)[C@@H](CC(N)=O)NC(=O)[C@H](NC1=O)C(C)O)C(=O)N1CCC[C@@H]1C(=O)N[C@@H](CCCCNC(=O)c1ccc2C(=O)OC3(c2c1)c1ccc(O)cc1Oc1cc(O)ccc31)C(=O)NCN)c1ccc(O)cc1	chembl_20494	POSITIVE
CC[C@@H](C)[C@H]1NC(=O)[C@@H](NC(=O)C(O)CSSC[C@@H](NC(=O)[C@@H](CC(N)=O)NC(=O)[C@H](NC1=O)C(C)O)C(=O)N1CCC[C@@H]1C(=O)N[C@@H](CCCNC(=O)c1ccc2C(=O)OC3(c2c1)c1ccc(O)cc1Oc1cc(O)ccc31)C(=O)NCN)c1ccc(O)cc1	chembl_21512	POSITIVE
CC[C@@H](C)[C@H]1NC(=O)[C@@H](NC(=O)CC2(CCCCC2)SSC[C@@H](NC(=O)[C@@H](CC(N)=O)NC(=O)[C@H](NC1=O)C(C)O)C(=O)N1CCC[C@@H]1C(=O)N[C@@H](CCCNC(=O)c1ccc2C(=O)OC3(c2c1)c1ccc(O)cc1Oc1cc(O)ccc31)C(O)=O)c1ccc(O)cc1	chembl_21303	POSITIVE
CC[C@@H](C)[C@H]1NC(=O)[C@@H](NC(=O)CCSSC[C@@H](NC(=O)[C@@H](CC(N)=O)NC(=O)[C@@H](CCC(N)=O)NC1=O)C(=O)N1CCC[C@@H]1C(=O)N[C@@H](CCCCNC(=O)c1ccc2C(=O)OC3(c2c1)c1ccc(O)cc1Oc1cc(O)ccc31)C(=O)NCN)c1ccc(O)cc1	chembl_20740	POSITIVE
CC[C@@H](C)[C@H]1NC(=O)[C@@H](NC(=O)CCSSC[C@@H](NC(=O)[C@@H](CC(N)=O)NC(=O)[C@@H](CCC(N)=O)NC1=O)C(=O)N1CCC[C@@H]1C(=O)N[C@@H](CCCNC(=O)c1ccc2C(=O)OC3(c2c1)c1ccc(O)cc1Oc1cc(O)ccc31)C(=O)NCN)c1ccc(O)cc1	chembl_21003	POSITIVE
CC[C@@H](C)[C@H]1NC(=O)[C@@H](NC(=O)CCSSC[C@@H](NC(=O)[C@@H](CC(N)=O)NC(=O)[C@H](NC1=O)C(C)O)C(=O)N1CCC[C@@H]1C(=O)N[C@@H](CCCCNC(=O)c1ccc2C(=O)OC3(c2c1)c1ccc(O)cc1Oc1cc(O)ccc31)C(=O)NCN)c1ccc(O)cc1	chembl_20450	POSITIVE
CC[C@@H](C)[C@H]1NC(=O)[C@@H](NC(=O)CCSSC[C@@H](NC(=O)[C@@H](CC(N)=O)NC(=O)[C@H](NC1=O)[C@H](C)O)C(=O)N1CCC[C@@H]1C(=O)N[C@@H](CCCNC(=O)c1ccc2C(=O)OC3(c2c1)c1ccc(O)cc1Oc1cc(O)ccc31)C(=O)NCN)c1ccc(O)cc1	chembl_20493	POSITIVE
CC[C@@H](C)[C@H]1NC(=O)[C@](C)(NC(=O)CC2(CCCCC2)SSC[C@@H](NC(=O)[C@@H](CC(N)=O)NC(=O)[C@H](NC1=O)[C@@H](C)O)C(=O)N1CCC[C@@H]1C(=O)N[C@@H](CCCN)C(=O)N[C@H](C(N)=O)c1ccc(O)cc1)c1ccc(O)cc1	chembl_20922	POSITIVE
CC[C@@H](C)[C@H]1NC(=O)[C@](C)(NC(=O)CC2(CCCCC2)SSC[C@@H](NC(=O)[C@@H](CC(N)=O)NC(=O)[C@H](NC1=O)[C@@H](C)O)C(=O)N1CCC[C@@H]1C(=O)N[C@@H](CCCNC(=O)c1ccc2C(=O)OC3(c2c1)c1ccc(O)cc1Oc1cc(O)ccc31)C(=O)N[C@H](C(N)=O)c1ccc(O)cc1)c1ccc(O)cc1	chembl_20667	POSITIVE
CC[C@@H]1NC(=O)[C@H](Cc2ccccc2)NC(=O)[C@H](Cc2ccc(O)cc2)NC(=O)CCSSC[C@H](NC(=O)[C@H](CC(N)=O)NC1=O)C(=O)N1CCC[C@H]1C(=O)N[C@@H](CCCNC(N)=N)C(=O)NCC(N)=O	chembl_21429	POSITIVE
CC[C@H](C)[C@@H]1NC(=O)[C@@H](Cc2ccccc2)NC(=O)[C@H](Cc2ccc(O)cc2)NC(=O)CCSSC[C@@H](NC(=O)[C@@H](CC(N)=O)NC1=O)C(=O)N1CCC[C@@H]1C(=O)N[C@@H](CCCNC(N)=N)C(=O)NCC(N)=O	chembl_21326	POSITIVE
CC[C@H](C)[C@@H]1NC(=O)[C@H](Cc2ccc(O)cc2)NC(=O)CCCSC[C@H](NC(=O)[C@H](CC(N)=O)NC(=O)[C@H](CCC(N)=O)NC1=O)C(=O)N(CC(=O)N[C@@H](CC(C)C)C(=O)NCC(N)=O)Cc1ccc(F)cc1	chembl_21086	NEGATIVE
CC[C@H](C)[C@@H]1NC(=O)[C@H](Cc2ccc(O)cc2)NC(=O)CCCSC[C@H](NC(=O)[C@H](CC(N)=O)NC(=O)[C@H](CCC(N)=O)NC1=O)C(=O)N(CC(=O)N[C@@H](CC(C)C)C(=O)NCC(N)=O)Cc1ccccc1	chembl_21046	NEGATIVE
CC[C@H](C)[C@@H]1NC(=O)[C@H](Cc2ccc(O)cc2)NC(=O)CCCSC[C@H](NC(=O)[C@H](CC(N)=O)NC(=O)[C@H](CCC(N)=O)NC1=O)C(=O)N(CC(=O)N[C@@H](CC(C)C)C(=O)NCC(N)=O)Cc1cccs1	chembl_20568	NEGATIVE
CC[C@H](C)[C@@H]1NC(=O)[C@H](Cc2ccc(O)cc2)NC(=O)CCCSC[C@H](NC(=O)[C@H](CC(N)=O)NC(=O)[C@H](CCC(N)=O)NC1=O)C(=O)N(CCCO)CC(=O)N[C@@H](CC(C)C)C(=O)NCC(N)=O	chembl_21137	NEGATIVE
CC[C@H](C)[C@@H]1NC(=O)[C@H](Cc2ccc(O)cc2)NC(=O)CCCSC[C@H](NC(=O)[C@H](CC(N)=O)NC(=O)[C@H](CCC(N)=O)NC1=O)C(=O)N(CCc1ccccc1)CC(=O)N[C@@H](CC(C)C)C(=O)NCC(N)=O	chembl_21223	POSITIVE
CC[C@H](C)[C@@H]1NC(=O)[C@H](Cc2ccc(O)cc2)NC(=O)CCSCC[C@H](NC(=O)[C@H](CC(N)=O)NC(=O)[C@H](CCC(N)=O)NC1=O)C(=O)N(CC(=O)N[C@@H](CC(C)C)C(=O)NCC(N)=O)Cc1cccs1	chembl_21293	POSITIVE
CC[C@H](C)[C@@H]1NC(=O)[C@H](Cc2ccc(O)cc2)NC(=O)CCSCC[C@H](NC(=O)[C@H](CC(N)=O)NC(=O)[C@H](CCC(N)=O)NC1=O)C(=O)N(CCCO)CC(=O)N[C@@H](CC(C)C)C(=O)NCC(N)=O	chembl_21136	NEGATIVE
CC[C@H](C)[C@@H]1NC(=O)[C@H](Cc2ccc(O)cc2)NC(=O)CCSCC[C@H](NC(=O)[C@H](CC(N)=O)NC(=O)[C@H](CCC(N)=O)NC1=O)C(=O)N(CCOC)CC(=O)N[C@@H](CC(C)C)C(=O)NCC(N)=O	chembl_20796	POSITIVE
CC[C@H](C)[C@@H]1NC(=O)[C@H](Cc2ccc(O)cc2)NC(=O)CCSCC[C@H](NC(=O)[C@H](CC(N)=O)NC(=O)[C@H](CCC(N)=O)NC1=O)C(=O)N(CCc1ccccc1)CC(=O)N[C@@H](CC(C)C)C(=O)NCC(N)=O	chembl_21177	POSITIVE
CC[C@H](C)[C@@H]1NC(=O)[C@H](Cc2ccc(O)cc2)NC(=O)CCSCc2ccc(SC[C@H](NC(=O)[C@H](CC(N)=O)NC(=O)[C@H](CCC(N)=O)NC1=O)C(=O)N1CCC[C@H]1C(=O)N[C@@H](CC(C)C)C(=O)NCC(N)=O)cc2	chembl_21384	NEGATIVE
CC[C@H](C)[C@@H]1NC(=O)[C@H](Cc2ccc(O)cc2)NC(=O)CCSCc2cccc(CSC[C@H](NC(=O)[C@H](CC(N)=O)NC(=O)[C@H](CCC(N)=O)NC1=O)C(=O)N1CCC[C@H]1C(=O)N[C@@H](CC(C)C)C(=O)NCC(N)=O)c2	chembl_21386	NEGATIVE
CC[C@H](C)[C@@H]1NC(=O)[C@H](Cc2ccc(O)cc2)NC(=O)CCSCc2ccccc2CSC[C@H](NC(=O)[C@H](CC(N)=O)NC(=O)[C@H](CCC(N)=O)NC1=O)C(=O)N1CCC[C@H]1C(=O)N[C@@H](CC(C)C)C(=O)NCC(N)=O	chembl_21099	POSITIVE
CC[C@H](C)[C@@H]1NC(=O)[C@H](Cc2ccc(O)cc2)NC(=O)CCSCc2ccccc2CSC[C@H](NC(=O)[C@H](CC(N)=O)NC(=O)[C@H](CCC(N)=O)NC1=O)C(=O)N1CCC[C@H]1C(=O)N[C@@H](CCCNC(N)=N)C(=O)NCC(N)=O	chembl_21308	POSITIVE
CC[C@H](C)[C@@H]1NC(=O)[C@H](Cc2ccc(O)cc2)NC(=O)CCSSC[C@H](NC(=O)[C@H](CC(N)=O)NC(=O)[C@H](CCC(N)=O)NC1=O)C(=O)N(CC(=O)N[C@@H](CC(C)C)C(=O)NCC(N)=O)C1CCCCC1	chembl_21145	NEGATIVE
CC[C@H](C)[C@@H]1NC(=O)[C@H](Cc2ccc(O)cc2)NC(=O)CCSSC[C@H](NC(=O)[C@H](CC(N)=O)NC(=O)[C@H](CCC(N)=O)NC1=O)C(=O)N(CC(=O)N[C@@H](CC(C)C)C(=O)NCC(N)=O)Cc1ccc(C)cc1	chembl_21116	NEGATIVE
CC[C@H](C)[C@@H]1NC(=O)[C@H](Cc2ccc(O)cc2)NC(=O)CCSSC[C@H](NC(=O)[C@H](CC(N)=O)NC(=O)[C@H](CCC(N)=O)NC1=O)C(=O)N(CC(=O)N[C@@H](CC(C)C)C(=O)NCC(N)=O)Cc1ccc(F)cc1	chembl_21354	POSITIVE
CC[C@H](C)[C@@H]1NC(=O)[C@H](Cc2ccc(O)cc2)NC(=O)CCSSC[C@H](NC(=O)[C@H](CC(N)=O)NC(=O)[C@H](CCC(N)=O)NC1=O)C(=O)N(CC(=O)N[C@@H](CC(C)C)C(=O)NCC(N)=O)Cc1ccc(OC)cc1	chembl_20959	POSITIVE
CC[C@H](C)[C@@H]1NC(=O)[C@H](Cc2ccc(O)cc2)NC(=O)CCSSC[C@H](NC(=O)[C@H](CC(N)=O)NC(=O)[C@H](CCC(N)=O)NC1=O)C(=O)N(CC(=O)N[C@@H](CC(C)C)C(=O)NCC(N)=O)Cc1ccccc1C	chembl_20913	NEGATIVE
CC[C@H](C)[C@@H]1NC(=O)[C@H](Cc2ccc(O)cc2)NC(=O)CCSSC[C@H](NC(=O)[C@H](CC(N)=O)NC(=O)[C@H](CCC(N)=O)NC1=O)C(=O)N(CC(=O)N[C@@H](CC(C)C)C(=O)NCC(N)=O)Cc1ccccn1	chembl_20722	NEGATIVE
CC[C@H](C)[C@@H]1NC(=O)[C@H](Cc2ccc(O)cc2)NC(=O)CCSSC[C@H](NC(=O)[C@H](CC(N)=O)NC(=O)[C@H](CCC(N)=O)NC1=O)C(=O)N(CC(=O)N[C@@H](CC(C)C)C(=O)NCC(N)=O)Cc1cccnc1	chembl_21316	NEGATIVE
CC[C@H](C)[C@@H]1NC(=O)[C@H](Cc2ccc(O)cc2)NC(=O)CCSSC[C@H](NC(=O)[C@H](CC(N)=O)NC(=O)[C@H](CCC(N)=O)NC1=O)C(=O)N(CC(=O)N[C@@H](CC(C)C)C(=O)NCC(N)=O)Cc1ccco1	chembl_21212	POSITIVE
CC[C@H](C)[C@@H]1NC(=O)[C@H](Cc2ccc(O)cc2)NC(=O)CCSSC[C@H](NC(=O)[C@H](CC(N)=O)NC(=O)[C@H](CCC(N)=O)NC1=O)C(=O)N(CC(=O)N[C@@H](CC(C)C)C(=O)NCC(N)=O)Cc1cccs1	chembl_21483	NEGATIVE
CC[C@H](C)[C@@H]1NC(=O)[C@H](Cc2ccc(O)cc2)NC(=O)CCSSC[C@H](NC(=O)[C@H](CC(N)=O)NC(=O)[C@H](CCC(N)=O)NC1=O)C(=O)N(CC(=O)N[C@@H](CC(C)C)C(=O)NCC(N)=O)Cc1ccncc1	chembl_21175	NEGATIVE
CC[C@H](C)[C@@H]1NC(=O)[C@H](Cc2ccc(O)cc2)NC(=O)CCSSC[C@H](NC(=O)[C@H](CC(N)=O)NC(=O)[C@H](CCC(N)=O)NC1=O)C(=O)N(CC1CCCO1)CC(=O)N[C@@H](CC(C)C)C(=O)NCC(N)=O	chembl_20673	NEGATIVE
CC[C@H](C)[C@@H]1NC(=O)[C@H](Cc2ccc(O)cc2)NC(=O)CCSSC[C@H](NC(=O)[C@H](CC(N)=O)NC(=O)[C@H](CCC(N)=O)NC1=O)C(=O)N(CCC1CCCN1)CC(=O)N[C@@H](CC(C)C)C(=O)NCC(N)=O	chembl_21438	NEGATIVE
CC[C@H](C)[C@@H]1NC(=O)[C@H](Cc2ccc(O)cc2)NC(=O)CCSSC[C@H](NC(=O)[C@H](CC(N)=O)NC(=O)[C@H](CCC(N)=O)NC1=O)C(=O)N(CCCO)CC(=O)N[C@@H](CC(C)C)C(=O)NCC(N)=O	chembl_21142	NEGATIVE
CC[C@H](C)[C@@H]1NC(=O)[C@H](Cc2ccc(O)cc2)NC(=O)CCSSC[C@H](NC(=O)[C@H](CC(N)=O)NC(=O)[C@H](CCC(N)=O)NC1=O)C(=O)N(CCOC)CC(=O)N[C@@H](CC(C)C)C(=O)NCC(N)=O	chembl_21358	NEGATIVE
CC[C@H](C)[C@@H]1NC(=O)[C@H](Cc2ccc(O)cc2)NC(=O)CCSSC[C@H](NC(=O)[C@H](CC(N)=O)NC(=O)[C@H](CCC(N)=O)NC1=O)C(=O)N(CCc1ccccc1)CC(=O)N[C@@H](CC(C)C)C(=O)NCC(N)=O	chembl_20602	POSITIVE
CC[C@H](C)[C@@H]1NC(=O)[C@H](Cc2ccc(O)cc2)NC(=O)CCSSC[C@H](NC(=O)[C@H](CC(N)=O)NC(=O)[C@H](CCC(N)=O)NC1=O)C(=O)N(CCc1ccccn1)CC(=O)N[C@@H](CC(C)C)C(=O)NCC(N)=O	chembl_21224	POSITIVE
CC[C@H](C)[C@@H]1NC(=O)[C@H](Cc2ccc(O)cc2)NC(=O)CCSSC[C@H](NC(=O)[C@H](CC(N)=O)NC(=O)[C@H](CCC(N)=O)NC1=O)C(=O)N(CCc1cccs1)CC(=O)N[C@@H](CC(C)C)C(=O)NCC(N)=O	chembl_20618	POSITIVE
CC[C@H](C)[C@@H]1NC(=O)[C@H](Cc2ccc(O)cc2)NC(=O)CCSSC[C@H](NC(=O)[C@H](CC(N)=O)NC(=O)[C@H](CCC(N)=O)NC1=O)C(=O)N(CCc1ccncc1)CC(=O)N[C@@H](CC(C)C)C(=O)NCC(N)=O	chembl_21487	POSITIVE
CC[C@H](C)[C@@H]1NC(=O)[C@H](Cc2ccc(O)cc2)NC(=O)[C@@H](N)CSSC[C@H](NC(=O)[C@H](CC(N)=O)NC(=O)[C@H](CCC(N)=O)NC1=O)C(=O)N1CCC[C@H]1C(=O)N[C@@H](CC(C)C)C(=O)NCC(N)=O	chembl_21104	POSITIVE
CC[C@H](C)[C@@H]1NC(=O)[C@H](Cc2ccc(OC)cc2)NC(=O)CCCSC[C@H](NC(=O)[C@H](CC(N)=O)NC(=O)[C@H](CCC(N)=O)NC1=O)C(=O)N1C[C@@H](C[C@H]1C(=O)N[C@@H](CC(C)C)C(=O)NCC(N)=O)OC	chembl_21008	NEGATIVE
CC[C@H](C)[C@@H]1NC(=O)[C@H](Cc2ccc(OC)cc2)NC(=O)CCCSC[C@H](NC(=O)[C@H](CC(N)=O)NC(=O)[C@H](CCC(N)=O)NC1=O)C(=O)N1C[C@@H](C[C@H]1C(=O)N[C@@H](CC(C)C)C(=O)NCC(N)=O)SC	chembl_21141	POSITIVE
CC[C@H](C)[C@@H]1NC(=O)[C@H](Cc2ccc(OC)cc2)NC(=O)CCCSC[C@H](NC(=O)[C@H](CC(N)=O)NC(=O)[C@H](CCC(N)=O)NC1=O)C(=O)NCC(=O)N[C@@H](CC(C)C)C(=O)NCC(N)=O	chembl_21325	NEGATIVE
CC[C@H](C)[C@@H]1NC(=O)[C@H](Cc2ccccc2)NC(=O)CCSCC[C@H](NC(=O)[C@H](CC(N)=O)NC(=O)[C@H](CCC(N)=O)NC1=O)C(=O)N(CC(=O)N[C@@H](CC(C)C)C(=O)NCC(N)=O)Cc1ccc(F)cc1	chembl_20813	NEGATIVE
CC[C@H](C)[C@@H]1NC(=O)[C@H](Cc2ccccc2)NC(=O)CCSCC[C@H](NC(=O)[C@H](CC(N)=O)NC(=O)[C@H](CCC(N)=O)NC1=O)C(=O)N(CC(=O)N[C@@H](CC(C)C)C(=O)NCC(N)=O)Cc1cccc(C)c1	chembl_20678	POSITIVE
CC[C@H](C)[C@@H]1NC(=O)[C@H](Cc2ccccc2)NC(=O)CCSCC[C@H](NC(=O)[C@H](CC(N)=O)NC(=O)[C@H](CCC(N)=O)NC1=O)C(=O)N(CC(=O)N[C@@H](CC(C)C)C(=O)NCC(N)=O)Cc1ccccc1	chembl_21176	NEGATIVE
CC[C@H](C)[C@@H]1NC(=O)[C@H](Cc2ccccc2)NC(=O)CCSCC[C@H](NC(=O)[C@H](CC(N)=O)NC(=O)[C@H](CCC(N)=O)NC1=O)C(=O)N(CC(=O)N[C@@H](CC(C)C)C(=O)NCC(N)=O)Cc1cccs1	chembl_20567	NEGATIVE
CC[C@H](C)[C@@H]1NC(=O)[C@H](Cc2ccccc2)NC(=O)CCSCC[C@H](NC(=O)[C@H](CC(N)=O)NC(=O)[C@H](CCC(N)=O)NC1=O)C(=O)N(CCOC)CC(=O)N[C@@H](CC(C)C)C(=O)NCC(N)=O	chembl_21320	NEGATIVE
CC[C@H](C)[C@@H]1NC(=O)[C@H](Cc2ccccc2)NC(=O)CCSCC[C@H](NC(=O)[C@H](CC(N)=O)NC(=O)[C@H](CCC(N)=O)NC1=O)C(=O)N(CCc1ccccc1)CC(=O)N[C@@H](CC(C)C)C(=O)NCC(N)=O	chembl_21084	POSITIVE
CC\C(=C(\CC)c1ccc(O)cc1)c1ccc(O)cc1	chembl_807	NEGATIVE
CCc1ccc-2c(CCCc3nnc(C4CCN(CC4)c4ccccn4)n-23)c1	chembl_20934	POSITIVE
CN(C)C(=O)CNC(=O)NCc1ccc(cc1C)C(=O)N1Cc2cnn(C)c2Nc2ccccc12	chembl_21278	POSITIVE
CN(C)C(=O)Cn1cc(C(=O)N2CCC3(CC2)OCc2ccccc32)c2ccc(Cl)cc12	chembl_20929	POSITIVE
CN(C)C(=O)NCc1ccc(cc1C)C(=O)N1Cc2cnn(C)c2Nc2ccccc12	chembl_20892	POSITIVE
CN(C)C(=O)[C@@H]1CCCN1C(=O)NCc1ccc(cc1C)C(=O)N1Cc2cnn(C)c2Nc2ccccc12	chembl_20687	POSITIVE
CN(C)C(=S)CNC(=O)NCc1ccc(cc1C)C(=O)N1Cc2cnn(C)c2Nc2ccccc12	chembl_20851	POSITIVE
CN(C)C(=S)[C@@H]1CCCN1C(=O)NCc1ccc(cc1C)C(=O)N1Cc2cnn(C)c2Nc2ccccc12	chembl_21418	NEGATIVE
CN(C)C1CCCN(C(=O)c2ccc(NC(=O)c3ccccc3C)cc2)c2ccccc12	chembl_20724	POSITIVE
CN(C)C1CCCN(C(=O)c2ccc(cc2)-n2ccc(C)n2)c2ccccc12	chembl_20713	POSITIVE
CN(C)C1CCN(CC1)C(=O)\C=C1\c2ccccc2N(CCC1(F)F)C(=O)c1ccc(NC(=O)c2ccccc2-c2ccccc2)cc1	chembl_21365	POSITIVE
CN(C)CC1CCN(C(=O)c2ccc(NC(=O)c3ccccc3-c3ccccc3)cc2)c2ccccc2S1	chembl_20578	NEGATIVE
CN(C)CC1CCN(CC1)C(=O)[C@@H](Cc1ccc(Cl)cc1)NC(=O)Cc1ccc(Cl)cc1	chembl_20600	POSITIVE
CN(C)CCCNC(=O)C1=CC2(CC1)CCN(C(=O)c1ccc(NC(=O)c3cc(F)ccc3C)cc1)c1ccccc1C2	chembl_21097	POSITIVE
CN(C)CCCNC(=O)C1=CC2(CC1)CCN(C(=O)c1ccc(NC(=O)c3ccccc3-c3ccccc3)cc1)c1ccccc1C2	chembl_21221	POSITIVE
CN(C)CCCNC(=O)CCc1ccc(cc1)S(=O)(=O)N(CC(=O)N\N=C1/C(=O)Nc2ccccc12)c1ccc(Cl)cc1	chembl_21488	POSITIVE
CN(C)CCCNC(=O)[C@@H](Cc1ccc(Cl)cc1)NC(=O)C1(CC1)c1ccc(Cl)cc1	chembl_21263	POSITIVE
CN(C)CCCNC(=O)[C@@H](Cc1ccc(Cl)cc1)NC(=O)Cc1ccc(Cl)cc1	chembl_21281	POSITIVE
CN(C)CCCOc1ccc(cc1)S(=O)(=O)N(CC(=O)N\N=C1/C(=O)N(CC(N)=O)c2ccccc12)c1ccc(Cl)cc1	chembl_21434	NEGATIVE
CN(C)CCCOc1ccc(cc1)S(=O)(=O)N(CC(=O)N\N=C1/C(=O)NC(=O)c2ccccc12)c1ccc(Cl)cc1	chembl_20976	POSITIVE
CN(C)CCCOc1ccc(cc1)S(=O)(=O)N(CC(=O)N\N=C1/C(=O)Nc2ccccc12)c1ccc(Cl)cc1	chembl_20546	POSITIVE
CN(C)CCCOc1ccc(cc1)S(=O)(=O)N(CC(=O)N\N=C1/C(=O)Nc2ccncc12)c1ccc(Cl)cc1	chembl_20727	POSITIVE
CN(C)CCNC(=O)C1=CC2(CC1)CCN(C(=O)c1ccc(NC(=O)c3cc(F)ccc3C)cc1)c1ccccc1C2	chembl_21478	POSITIVE
CN(C)CCNC(=O)C1=CC2(CC1)CCN(C(=O)c1ccc(NC(=O)c3ccccc3-c3ccccc3)cc1)c1ccccc1C2	chembl_20704	POSITIVE
CN(C)CCNC(=O)C1=CC2(CC1)CCN(C(=O)c1ccc(NC(=O)c3ccccc3F)cc1)c1ccccc1C2	chembl_20686	POSITIVE
CN(C)CCNC(=O)C1=C[C@@]2(CC1)CCN(C(=O)c1ccc(NC(=O)c3ccccc3-c3ccccc3)cc1)c1ccccc1C2	chembl_21023	POSITIVE
CN(C)CCNC(=O)C1=C[C@@]2(CC1)CCN(C(=O)c1ccc(NC(=O)c3ccccc3F)cc1)c1ccccc1C2	chembl_20544	POSITIVE
CN(C)CCNC(=O)C1=C[C@]2(CC1)CCN(C(=O)c1ccc(NC(=O)c3ccccc3-c3ccccc3)cc1)c1ccccc1C2	chembl_21168	POSITIVE
CN(C)CCNC(=O)Cn1cc(C(=O)N2CCC3(CC2)OCc2ccccc32)c2ccc(Cl)cc12	chembl_21043	POSITIVE
CN(C)CCNC(=O)\C=C1\c2ccccc2N(CCC1(F)F)C(=O)c1ccc(cc1Cl)-n1ccc(C)n1	chembl_21479	POSITIVE
CN(C)CCOc1ccc(cc1)S(=O)(=O)N(CC(=O)N\N=C1/C(=O)Nc2ccccc12)c1ccc(Cl)cc1	chembl_21048	POSITIVE
CN(C)CCn1cc(C(=O)N2CCC3(CC2)OCc2ccccc32)c2ccc(Cl)cc12	chembl_21173	POSITIVE
CN(C)Cc1ccc2CN(C(=O)c3ccc(cc3)-c3ccccc3)c3ccccc3Cn12	chembl_21161	POSITIVE
CN(C)Cc1ccc2CN(C(=O)c3ccc(cc3)-c3cccs3)c3ccccc3Cn12	chembl_20718	POSITIVE
CN(C)S(=O)(=O)N1Cc2nnc(C3CCN(CC3)c3ccccn3)n2-c2ccc(Cl)cc2C1	chembl_21260	POSITIVE
CN(C)[C@H]1CC[C@@H](CC1)NC(=O)[C@@H](Cc1ccc(Cl)cc1)NC(=O)C1(CC1)c1ccc(Cl)cc1	chembl_20824	POSITIVE
CN(C)[C@H]1CC[C@@H](CC1)NC(=O)[C@@H](Cc1ccc(Cl)cc1)NC(=O)C1(CC1)c1ccc(F)cc1	chembl_20449	POSITIVE
CN(C)[C@H]1CC[C@@H](CC1)NC(=O)[C@@H](Cc1ccc(Cl)cc1)NC(=O)C1(CCC1)c1ccc(Cl)cc1	chembl_21323	POSITIVE
CN(C)[C@H]1CC[C@@H](CC1)NC(=O)[C@@H](Cc1ccc(Cl)cc1)NC(=O)C1(CCC1)c1ccc(F)cc1	chembl_20849	POSITIVE
CN(C)[C@H]1CC[C@@H](CC1)NC(=O)[C@@H](Cc1ccc(Cl)cc1)NC(=O)C1(CCCC1)c1ccc(F)cc1	chembl_20792	POSITIVE
CN(C)[C@H]1CC[C@@H](CC1)NC(=O)[C@@H](Cc1ccc(Cl)cc1)NC(=O)Cc1ccc(Cl)cc1	chembl_20595	POSITIVE
CN(C)[C@H]1CC[C@@H](CC1)NC(=O)[C@@H](Cc1ccc(Cl)cc1)NC(=O)Cc1ccc(F)cc1	chembl_20534	POSITIVE
CN(C)[C@H]1CC[C@@H](CC1)NC(=O)[C@@H](Cc1ccc(F)cc1)NC(=O)C1(CC1)c1ccc(Cl)cc1	chembl_21461	POSITIVE
CN(C)c1ccc(cc1)C(=O)N1CCCCc2ccccc12	chembl_20461	POSITIVE
CN(C)c1ccc2c(Oc3cc(ccc3C22OC(=O)c3cc(ccc23)C(=O)N([C@@H](CCCCN)C(=O)N2CCC[C@H]2C(=O)N[C@@H](CCCNC(N)=N)C(N)=O)C(=O)[C@H](CC(N)=O)NC(=O)[C@H](CCC(N)=O)NC(=O)[C@H](Cc2ccccc2)NC(=O)[C@@H](Cc2ccc(O)cc2)N(C)C(=O)CCc2ccc(O)cc2)N(C)C)c1	chembl_21417	POSITIVE
CN(C)c1ccc2c(Oc3cc(ccc3C22OC(=O)c3cc(ccc23)C(=O)N([C@@H](CCCCN)C(N)=O)C(=O)[C@@H]2CCCN2C(=O)[C@H](CCCNC(N)=N)NC(=O)[C@H](CC(N)=O)NC(=O)[C@H](CCC(N)=O)NC(=O)[C@H](Cc2ccccc2)NC(=O)[C@@H](Cc2ccc(O)cc2)N(C)C(=O)CCc2ccc(O)cc2)N(C)C)c1	chembl_20441	POSITIVE
CN(C)c1ccc2c(Oc3cc(ccc3C22OC(=O)c3ccc(cc23)C(=O)N([C@@H](CCCCN)C(=O)N2CCC[C@H]2C(=O)N[C@@H](CCCNC(N)=N)C(N)=O)C(=O)[C@H](CC(N)=O)NC(=O)[C@H](CCC(N)=O)NC(=O)[C@H](Cc2ccccc2)NC(=O)[C@@H](Cc2ccc(O)cc2)N(C)C(=O)CCc2ccc(O)cc2)N(C)C)c1	chembl_20941	POSITIVE
CN(C)c1ccc2c(Oc3cc(ccc3C22OC(=O)c3ccc(cc23)C(=O)N([C@@H](CCCCN)C(N)=O)C(=O)[C@@H]2CCCN2C(=O)[C@H](CCCNC(N)=N)NC(=O)[C@H](CC(N)=O)NC(=O)[C@H](CCC(N)=O)NC(=O)[C@H](Cc2ccccc2)NC(=O)[C@@H](Cc2ccc(O)cc2)N(C)C(=O)CCc2ccc(O)cc2)N(C)C)c1	chembl_21247	POSITIVE
CN(C)c1cccc(CNC(=O)\C=C2\c3ccccc3N(CCC2(F)F)C(=O)c2ccc(cc2Cl)-n2ccc(C)n2)n1	chembl_20800	POSITIVE
CN(CC1CCc2ccccc2N1S(=O)(=O)c1ccc(Cl)cc1)C(=O)N1CCC(CC1)NCc1cccs1	chembl_21309	NEGATIVE
CN(Cc1cccc(c1)C(F)(F)F)C(=O)[C@@H](CC(=O)N1CCC(CC1)N1CCCCC1)N1[C@H](\C=C\c2ccccc2)[C@H](N2[C@H](COC2=O)c2ccccc2)C1=O	chembl_21317	POSITIVE
CN([C@H](Cc1ccc(O)cc1)C(=O)N[C@@H](Cc1ccccc1)C(=O)N[C@@H](CCC(N)=O)C(=O)N[C@@H](CC(N)=O)C(=O)N([C@@H](CCCCN)C(=O)N1CCC[C@H]1C(=O)N[C@@H](CCCNC(N)=N)C(N)=O)C(=O)c1ccc2c(c1)C(=O)OC21c2ccc(O)cc2Oc2cc(O)ccc12)C(=O)CCc1ccc(O)cc1	chembl_21041	POSITIVE
CN([C@H](Cc1ccc(O)cc1)C(=O)N[C@@H](Cc1ccccc1)C(=O)N[C@@H](CCC(N)=O)C(=O)N[C@@H](CC(N)=O)C(=O)N[C@@H](CCCNC(N)=N)C(=O)N1CCC[C@H]1C(=O)N([C@@H](CCCCN)C(N)=O)C(=O)c1ccc2C(=O)OC3(c2c1)c1ccc(O)cc1Oc1cc(O)ccc31)C(=O)CCc1ccc(O)cc1	chembl_20551	POSITIVE
CN([C@H](Cc1ccc(O)cc1)C(=O)N[C@@H](Cc1ccccc1)C(=O)N[C@@H](CCC(N)=O)C(=O)N[C@@H](CC(N)=O)C(=O)N[C@@H](CCCNC(N)=N)C(=O)N1CCC[C@H]1C(=O)N([C@@H](CCCCN)C(N)=O)C(=O)c1ccc2c(c1)C(=O)OC21c2ccc(O)cc2Oc2cc(O)ccc12)C(=O)CCc1ccc(O)cc1	chembl_21503	POSITIVE
CN([C@H](Cc1ccc(O)cc1)C(=O)N[C@@H](Cc1ccccc1)C(=O)N[C@@H](CCC(N)=O)C(=O)N[C@@H](CC(N)=O)C(=O)N[C@@H](CCCNC(N)=N)C(=O)N1CCC[C@H]1C(=O)N[C@@H](CCCNC(N)=N)C(N)=O)C(=O)Cc1ccc(O)cc1	chembl_21139	POSITIVE
CN([C@H](Cc1ccc(O)cc1)C(=O)N[C@@H](Cc1ccccc1)C(=O)N[C@@H](CCC(N)=O)C(=O)N[C@@H](CC(N)=O)C(=O)N[C@@H](CCCNC(N)=N)C(=O)N1CCC[C@H]1C(=O)N[C@@H](CCCNC(N)=N)C(N)=O)C(=O)Cc1ccccc1	chembl_20496	POSITIVE
CN([C@H](Cc1ccc(O)cc1)C(=O)N[C@@H](Cc1ccccc1)C(=O)N[C@@H](CCC(N)=O)C(=O)N[C@@H](CC(N)=O)C(=O)N[C@@H](CCCNC(N)=N)C(=O)N1CC[C@@H](C1)C(=O)N([C@@H](CCCCN)C(N)=O)C(=O)c1ccc(c(c1)C(O)=O)-c1c2ccc(N)c(c2oc2c(c(=N)ccc12)S(O)(=O)=O)S(O)(=O)=O)C(=O)CCc1ccc(O)cc1	chembl_20763	POSITIVE
CN([C@H](Cc1ccc(O)cc1)C(=O)N[C@@H](Cc1ccccc1)C(=O)N[C@@H](CCC(N)=O)C(=O)N[C@@H](CC(N)=O)C(=O)N[C@@H](CCCNC(N)=N)C(=O)N1CC[C@@H](C1)C(=O)N[C@@H](CCCNC(N)=N)C(N)=O)C(=O)Cc1ccc(O)cc1	chembl_20899	POSITIVE
CN1CCC(CC1)NC(=O)[C@@H](Cc1ccc(Cl)cc1)NC(=O)Cc1ccc(Cl)cc1	chembl_20758	POSITIVE
CN1CCC(CC1)n1cc(C(=O)N2CCC3(CC2)OCc2ccccc32)c2ccc(Cl)cc12	chembl_21120	POSITIVE
CN1CCCN(C(=O)c2ccc(NC(=O)c3ccccc3C)cc2)c2c(C)cccc12	chembl_21238	POSITIVE
CN1CCCN(CC1)C(=S)[C@@H]1CCCN1C(=O)NCc1ccc(cc1C)C(=O)N1CCCNc2ccccc12	chembl_21433	POSITIVE
CN1CCCN(CC1)C(=S)[C@@H]1CCCN1C(=O)NCc1ccc(cc1C)C(=O)N1Cc2cnn(C)c2Nc2ccccc12	chembl_21447	POSITIVE
CN1CCC[C@H]1Cn1cc(C(=O)N2CCC3(CC2)OCc2ccccc32)c2ccc(Cl)cc12	chembl_21314	POSITIVE
CN1CCN(C(=O)C2CCN(CC2)c2ccccn2)c2ccc(Cl)cc12	chembl_21280	POSITIVE
CN1CCN(C(=O)N2CCN(CC2)c2ccccc2C)c2ccc(Cl)cc12	chembl_20916	POSITIVE
CN1CCN(C(=O)N2CCN(CC2)c2ncccc2Cl)c2ccc(Cl)cc12	chembl_21258	POSITIVE
CN1CCN(CC1)C(=O)CCCCCOc1ccccc1-n1c(C)nnc1-c1ccc(cc1)-c1ccccc1	chembl_20508	POSITIVE
CN1CCN(CC1)C(=O)Cn1cc(C(=O)N2CCC3(CC2)OCc2ccccc32)c2ccc(Cl)cc12	chembl_20756	POSITIVE
CN1CCN(CC1)C(=O)c1ccc(COc2cccc(C)c2-n2c(C)nnc2-c2ccc(cc2)-c2ccccc2)cc1	chembl_20850	POSITIVE
CN1CCN(CC1)C(=O)c1ccc(COc2ccccc2-n2c(C)nnc2-c2ccc(cc2)-c2ccccc2)cc1	chembl_21107	POSITIVE
CN1CCN(CCCCCCCCCCOc2ccccc2-n2c(C)nnc2-c2ccc(cc2)-c2ccccc2)CC1	chembl_21232	POSITIVE
CN1CCN(CCCCCCCCOc2ccccc2-n2c(C)nnc2-c2ccc(cc2)-c2ccccc2)CC1	chembl_20984	POSITIVE
CN1CCN(CCCCCCCOc2ccccc2-n2c(C)nnc2-c2ccc(cc2)-c2ccccc2)CC1	chembl_20612	POSITIVE
CN1CCN(CCCCCCOc2cccc(C)c2-n2c(C)nnc2-c2ccc(cc2)-c2ccccc2)CC1	chembl_21229	POSITIVE
CN1CCN(CCCCCCOc2cccc(c2)-n2c(C)nnc2-c2ccc(cc2)-c2ccccc2)CC1	chembl_20897	POSITIVE
CN1CCN(CCCCCCOc2ccccc2-n2c(C)nnc2-c2ccc(cc2)-c2ccccc2)CC1	chembl_20627	POSITIVE
CN1CCN(CCCCCOc2ccccc2-n2c(C)nnc2-c2ccc(cc2)-c2ccccc2)CC1	chembl_20538	POSITIVE
CN1CCN(CCCCOc2ccccc2-n2c(C)nnc2-c2ccc(cc2)-c2ccccc2)CC1	chembl_21378	POSITIVE
CN1CCN(CCCN(Cc2ccccc2)C(=O)[C@H](Cc2ccc(Cl)cc2)NC(=O)Cc2ccccc2)CC1	chembl_21100	POSITIVE
CN1CCN(CCCN(Cc2ccccc2)C(=O)[C@H](Cc2ccc(Cl)cc2)NC(=O)c2ccccc2)CC1	chembl_20459	POSITIVE
CN1CCN(CCCN(Cc2ccccc2)C(=O)[C@H](Cc2ccc(Cl)cc2)NS(=O)(=O)Cc2ccccc2)CC1	chembl_20839	POSITIVE
CN1CCN(CCCN(Cc2ccccc2)C(=O)[C@H](Cc2ccc(Cl)cc2)NS(=O)(=O)c2ccccc2)CC1	chembl_21473	POSITIVE
CN1CCN(CCCNC(=O)[C@@H](Cc2ccc(Cl)cc2)NC(=O)Cc2ccc(Cl)cc2)CC1	chembl_21460	POSITIVE
CN1CCN(CCCOc2ccccc2-n2c(C)nnc2-c2ccc(cc2)-c2ccccc2)CC1	chembl_20539	POSITIVE
CN1CCN(Cc2nnc(C3CCN(CC3)c3ccccn3)n2Cc2ccccc2)CC1	chembl_21159	POSITIVE
CN1CN(C(=O)N2CCN(CC2)c2ccccc2C)c2ccc(Cl)cc2C1	chembl_20619	POSITIVE
CN1Cc2nnc(C3CCN(CC3)c3ccccn3)n2-c2ccc(Cl)cc2C1	chembl_20993	POSITIVE
CN1Cc2nnc(C3CCN(CC3)c3ccccn3)n2-c2ccccc2C1	chembl_20611	POSITIVE
CN1Cc2nnc([C@H]3CC[C@@H](CC3)Oc3ccccn3)n2-c2ccc(Cl)cc2C1	chembl_20486	POSITIVE
CN1[C@H]2CC[C@@H]1C[C@@H](C2)NC(=O)C(Cc1ccc(Cl)cc1)NC(=O)Cc1ccc(Cl)c(Cl)c1	chembl_21502	POSITIVE
CN1[C@H]2CC[C@@H]1C[C@@H](C2)NC(=O)C(Cc1ccc(Cl)cc1)NC(=O)Cc1ccc(Cl)cc1	chembl_21096	POSITIVE
CN1[C@H]2CC[C@@H]1C[C@@H](C2)NC(=O)C(Cc1ccc(Cl)cc1)NC(=O)Cc1ccc(Cl)cc1Cl	chembl_20660	POSITIVE
CN1[C@H]2CC[C@@H]1C[C@@H](C2)NC(=O)C(Cc1ccc(Cl)cc1)NC(=O)Cc1cccc(Cl)c1	chembl_20876	POSITIVE
CN1[C@H]2CC[C@@H]1C[C@@H](C2)NC(=O)C(Cc1ccc(Cl)cc1)NC(=O)Cc1cccc(Cl)c1Cl	chembl_20935	POSITIVE
CN1[C@H]2CC[C@@H]1C[C@@H](C2)NC(=O)C(Cc1ccc(Cl)cc1)NC(=O)Cc1ccccc1	chembl_20908	POSITIVE
CN1[C@H]2CC[C@@H]1C[C@@H](C2)NC(=O)C(Cc1ccc(Cl)cc1)NC(=O)Cc1ccccc1Cl	chembl_21510	POSITIVE
CN1[C@H]2CC[C@@H]1C[C@@H](C2)NC(=O)[C@@H](Cc1ccc(Cl)cc1)NC(=O)C(C)(C)c1ccc(Cl)cc1	chembl_20634	POSITIVE
CN1[C@H]2CC[C@@H]1C[C@@H](C2)NC(=O)[C@@H](Cc1ccc(Cl)cc1)NC(=O)C1(CC1)c1ccc(Cl)cc1	chembl_21395	POSITIVE
CN1[C@H]2CC[C@@H]1C[C@@H](C2)NC(=O)[C@@H](Cc1ccc(Cl)cc1)NC(=O)Cc1ccc(C)cc1	chembl_20635	POSITIVE
CN1[C@H]2CC[C@@H]1C[C@@H](C2)NC(=O)[C@@H](Cc1ccc(Cl)cc1)NC(=O)Cc1ccc(Cl)cc1	chembl_20580	POSITIVE
CN1[C@H]2CC[C@@H]1C[C@@H](C2)NC(=O)[C@@H](Cc1ccc(Cl)cc1)NC(=O)Cc1ccc(F)cc1	chembl_21341	POSITIVE
CN1[C@H]2CC[C@@H]1C[C@@H](C2)NC(=O)[C@@H](Cc1ccc(Cl)cc1)NC(=O)Cc1ccccc1	chembl_20972	POSITIVE
CN1c2cccc(C)c2N(CCC1=O)C(=O)c1ccc(NC(=O)c2ccccc2C)cc1	chembl_20658	POSITIVE
CNC(=O)[C@H](Cc1ccc(Cl)cc1)NS(=O)(=O)c1c(C)cc(OC)c(C)c1C	chembl_21310	POSITIVE
CNC(=O)c1cccc(c1)-c1ccc(cc1OC)C(=O)N1C[C@]2(C)C[C@H]1CC(C)(C)C2	chembl_21415	POSITIVE
CNCC1=CC2(CC1)CCN(C(=O)c1ccc(NC(=O)c3ccccc3-c3ccccc3)cc1)c1ccccc1C2	chembl_20559	POSITIVE
CNCc1ccc(OC)c(c1)[C@@]1(N2CCC[C@H]2c2ncco2)C(=O)N(c2ccc(Cl)cc12)S(=O)(=O)c1ccc(OC)cc1	chembl_20751	POSITIVE
CN[C@@H](CCS(C)(=O)=O)C(=O)N[C@H]1C[C@H]2CC[C@]1(CS(=O)(=O)N1CCN(CC1)c1ccccc1C)C2(C)C	chembl_21419	POSITIVE
COC(=O)C12CC1c1cc(Cl)ccc1-n1c(nnc21)[C@H]1CC[C@@H](CC1)Oc1ccccn1	chembl_20923	POSITIVE
COC(=O)C1=CC2(CC1)CCN(C(=O)c1ccc(NC(=O)c3cc(F)ccc3Cl)cc1)c1ccccc1C2	chembl_21154	POSITIVE
COC(=O)C1=CC2(CC1)CCN(C(=O)c1ccc(NC(=O)c3ccccc3F)cc1)c1ccccc1C2	chembl_20552	POSITIVE
COC(=O)CC1Cc2cc(Cl)ccc2-n2c1nnc2[C@H]1CC[C@@H](CC1)Oc1ccccn1	chembl_20633	POSITIVE
COC(=O)CNC(=O)C1=CC2(CC1)CCN(C(=O)c1ccc(NC(=O)c3cc(F)ccc3C)cc1)c1ccccc1C2	chembl_21126	POSITIVE
COC(=O)CNC(=O)NCc1ccc(cc1C)C(=O)N1Cc2cnn(C)c2Nc2ccccc12	chembl_21377	POSITIVE
COC(=O)N1Cc2nnc(C3CCN(CC3)c3ccccn3)n2-c2ccc(Cl)cc2C1	chembl_21450	POSITIVE
COC(=O)c1cccc2\C(=N\NC(=O)CN(c3ccc(Cl)cc3)S(=O)(=O)c3ccc(OCCCN(C)C)cc3)C(=O)Nc12	chembl_20485	NEGATIVE
COCCN(C(=O)c1cnc(cn1)-c1ccc(cc1C)C#N)c1ccc(OC)nc1	chembl_20944	NEGATIVE
COCCN(C(=O)c1cnc(cn1)-c1ccccc1C)c1ccc(OC)nc1	chembl_20522	NEGATIVE
COCCOCCOc1ccc(cc1)S(=O)(=O)N(CC(=O)N\N=C1/C(=O)Nc2ccccc12)c1ccc(Cl)cc1	chembl_20545	POSITIVE
COCCOc1ccc(cc1)S(=O)(=O)N(CC(=O)N\N=C1/C(=O)Nc2ccccc12)c1ccc(Cl)cc1	chembl_21191	NEGATIVE
COCCn1c(nn(CC(=O)NCC(NC(=O)OC(C)(C)C)c2ccccc2C(F)(F)F)c1=O)-c1ccc(Cl)s1	chembl_20906	POSITIVE
COCCn1c(nn(CC(=O)NCC(NS(C)(=O)=O)c2ccccc2C(F)(F)F)c1=O)-c1ccc(Cl)s1	chembl_20743	POSITIVE
COCc1nnc(-c2ccc(cc2)-c2ccccc2OC)n1-c1ccc(OC)nc1	chembl_21302	POSITIVE
COCc1nnc(-c2cnc(cn2)-c2ccc(C)c(C)c2)n1-c1ccc(OC)nc1	chembl_20500	POSITIVE
COCc1nnc(-c2cnc(cn2)-c2ccc(F)c(C)c2)n1-c1ccc(OC)nc1	chembl_21271	NEGATIVE
COCc1nnc(-c2cnc(cn2)-c2ccc(OC)c(C)c2)n1-c1ccc(OC)nc1	chembl_20533	NEGATIVE
COCc1nnc(-c2cnc(cn2)-c2ccc(cc2C)C#N)n1-c1ccc(OC)nc1	chembl_20468	NEGATIVE
COCc1nnc(-c2cnc(cn2)-c2cccc(C)c2C)n1-c1ccc(OC)nc1	chembl_20829	POSITIVE
COCc1nnc(-c2cnc(cn2)-c2cccc(c2)C#N)n1-c1cccnc1	chembl_20753	NEGATIVE
COCc1nnc(-c2cnc(cn2)-c2ccccc2)n1-c1ccc(OC)nc1	chembl_20964	POSITIVE
COCc1nnc(N2CC(C2)Oc2ccc(F)cc2C)n1-c1ccc(OC)nc1	chembl_21009	POSITIVE
COCc1nnc(N2CC(C2)Oc2ccc(F)cc2Cl)n1-c1ccc(OC)nc1	chembl_20912	NEGATIVE
COCc1nnc(N2CC(C2)Oc2ccccc2Cl)n1-c1ccc(OC)nc1	chembl_20729	NEGATIVE
COCc1nnc(N2CCC(CC2)Oc2ccccc2C)n1-c1ccc(OC)nc1	chembl_20863	POSITIVE
COCc1nnc(N2CC[C@@H](C2)Oc2ccccc2C)n1-c1ccc(OC)nc1	chembl_21075	POSITIVE
COCc1nnc(N2CC[C@H](C2)Oc2cc(F)cc(F)c2C)n1-c1ccc(OC)nc1	chembl_20771	POSITIVE
COCc1nnc(N2CC[C@H](C2)Oc2ccc(F)cc2C)n1-c1ccc(OC)nc1	chembl_21495	POSITIVE
COCc1nnc(N2CC[C@H](C2)Oc2ccccc2C)n1-c1ccc(OC)nc1	chembl_21010	POSITIVE
COCc1nnc(N2C[C@@H]3C[C@@]3(C2)c2ccc(F)cc2Cl)n1-c1ccc(OC)nc1	chembl_20650	NEGATIVE
COCc1nnc(N2C[C@@H]3C[C@@]3(C2)c2ccc(F)cc2Cl)n1-c1ccc2OCOc2c1	chembl_20926	POSITIVE
COCc1nnc(N2C[C@@H]3C[C@@]3(C2)c2cccc(F)c2Cl)n1-c1ccc(OC)nc1	chembl_21347	NEGATIVE
CO\N=C1\C[C@@H](CO)N(C1)C(=O)c1ccc(cc1)-c1ccccc1C	chembl_21268	POSITIVE
CO\N=C1\C[C@@H](N(C1)C(=O)c1ccc(cc1)-c1ccccc1C)c1nc(C)no1	chembl_20843	POSITIVE
CO\N=C1\C[C@H](N(C1)C(=O)c1ccc(cc1)-c1ccccc1C)C(=O)NC[C@@H](O)c1ccccc1	chembl_21458	POSITIVE
COc1cc(-c2csc3ccccc23)c(Cl)cc1C(=O)N1C[C@]2(C)C[C@H]1CC(C)(C)C2	chembl_20769	POSITIVE
COc1cc(C)c(c(C)c1C)S(=O)(=O)NCC(=O)N(CCCN1CCN(C)CC1)Cc1ccccc1	chembl_21152	POSITIVE
COc1cc(C)c(c(C)c1C)S(=O)(=O)N[C@@H](CC1CCCCC1)C(=O)N(CCCN1CCN(C)CC1)Cc1ccccc1	chembl_21140	POSITIVE
COc1cc(C)c(c(C)c1C)S(=O)(=O)N[C@@H](Cc1ccc(Cl)cc1)C(=O)N(CCCN1CCN(C)CC1)C(C)C	chembl_20782	POSITIVE
COc1cc(C)c(c(C)c1C)S(=O)(=O)N[C@@H](Cc1ccc(Cl)cc1)C(=O)N(CCCN1CCN(C)CC1)Cc1ccccc1	chembl_20659	POSITIVE
COc1cc(C)c(c(C)c1C)S(=O)(=O)N[C@@H](Cc1ccc(Cl)cc1)C(=O)N1CCN(C)CC1	chembl_20880	POSITIVE
COc1cc(C)c(c(C)c1C)S(=O)(=O)N[C@@H](Cc1ccc(Cl)cc1)C(=O)NC1CCN(C)CC1	chembl_21261	POSITIVE
COc1cc(C)c(c(C)c1C)S(=O)(=O)N[C@@H](Cc1ccc(Cl)cc1)C(=O)NCCCN1CCN(C)CC1	chembl_21474	POSITIVE
COc1cc(C)c(c(C)c1C)S(=O)(=O)N[C@@H](Cc1ccc(Cl)cc1)C(=O)NCCN(C)C	chembl_21509	POSITIVE
COc1cc(C)c(c(C)c1C)S(=O)(=O)N[C@@H](Cc1ccc(Cl)cc1)C(=O)NCCN1CCN(C)CC1	chembl_20937	POSITIVE
COc1cc(C)c(c(C)c1C)S(=O)(=O)N[C@@H](Cc1ccc(Cl)cc1)C(=O)NCc1ccccc1	chembl_21357	POSITIVE
COc1cc(C)c(c(C)c1C)S(=O)(=O)N[C@@H](Cc1ccc(Cl)cc1)C(=O)N[C@@H]1C[C@@H]2CC[C@H](C1)N2C	chembl_20537	POSITIVE
COc1cc(C)c(c(C)c1C)S(=O)(=O)N[C@@H](Cc1ccc(Cl)cc1)C(=O)N[C@H]1C[C@@H]2CC[C@H](C1)N2C	chembl_21336	POSITIVE
COc1cc(C)c(c(C)c1C)S(=O)(=O)N[C@@H](Cc1ccccc1)C(=O)N(CCCN1CCN(C)CC1)Cc1ccccc1	chembl_20896	POSITIVE
COc1cc(C)c(c(C)c1C)S(=O)(=O)N[C@H](C(=O)N(CCCN1CCN(C)CC1)Cc1ccccc1)c1ccccc1	chembl_21362	POSITIVE
COc1cc(C)c(c(C)c1C)S(=O)(=O)N[C@H](Cc1ccc(Cl)cc1)C(=O)N(CCCN1CCN(C)CC1)Cc1ccccc1	chembl_20838	POSITIVE
COc1cc(CN2CCN(CC2)C(=O)NCc2ccc(cc2C)C(=O)N2Cc3cnn(C)c3Nc3ccccc23)cc(OC)c1	chembl_20766	NEGATIVE
COc1cc(CN2CCN(CC2)c2ccc(CC(=O)N3Cc4cnn(C)c4Nc4ccccc34)cc2)cc(OC)c1	chembl_21338	NEGATIVE
COc1cc(CN2CCN(CC2)c2ccc(CCC(=O)N3Cc4cnn(C)c4Nc4ccccc34)cc2)cc(OC)c1	chembl_20677	NEGATIVE
COc1cc(CN2CCN(CC2)c2cccc(CC(=O)N3Cc4cnn(C)c4Nc4ccccc34)c2)cc(OC)c1	chembl_20731	NEGATIVE
COc1cc(CN2CCN(CC2)c2cccc(CCC(=O)N3Cc4cnn(C)c4Nc4ccccc34)c2)cc(OC)c1	chembl_21342	NEGATIVE
COc1cc(CN2CCN(CC2)c2ccccc2CC(=O)N2Cc3cnn(C)c3Nc3ccccc23)cc(OC)c1	chembl_20593	NEGATIVE
COc1cc(CN2CCN(CC2)c2ccccc2CCC(=O)N2Cc3cnn(C)c3Nc3ccccc23)cc(OC)c1	chembl_21300	NEGATIVE
COc1cc(CN2CCN(CCCCC(=O)N3Cc4cnn(C)c4Nc4ccccc34)CC2)cc(OC)c1	chembl_20948	POSITIVE
COc1cc(CN2CCN(CCCCCC(=O)N3Cc4cnn(C)c4Nc4ccccc34)CC2)cc(OC)c1	chembl_20643	NEGATIVE
COc1cc(CN2CCN(CCCCCCC(=O)N3Cc4cnn(C)c4Nc4ccccc34)CC2)cc(OC)c1	chembl_20881	POSITIVE
COc1cc(CN2CCN(CCCCCCCC(=O)N3Cc4cnn(C)c4Nc4ccccc34)CC2)cc(OC)c1	chembl_20732	NEGATIVE
COc1cc(NC(=O)c2cc(F)ccc2C)ccc1C(=O)N1CCC2(CCC(=C2)C(O)=O)Cc2ccccc12	chembl_21259	NEGATIVE
COc1cc(NC(=O)c2cc(F)ccc2C)ccc1C(=O)N1Cc2cccn2Cc2ccccc12	chembl_21444	POSITIVE
COc1cc(OC2CCN(CC2)C(C)=O)ccc1C(=O)N1CCC(CC1)N1C(=O)OCc2ccccc12	chembl_21337	NEGATIVE
COc1cc(OC2CCN(CC2)S(C)(=O)=O)ccc1CC(=O)N1CCC(CC1)N1C(=O)CCc2ccccc12	chembl_21484	NEGATIVE
COc1cc(OC2CCN(Cc3cccn(=O)c3C)CC2)ccc1C(=O)N1CCC(CC1)N1C(=O)OCc2ccccc12	chembl_21199	NEGATIVE
COc1cc(c(Cl)cc1-c1ccc(C(=O)N2C[C@]3(C)C[C@H]2CC(C)(C)C3)c(Cl)c1)-c1cccc2cccnc12	chembl_20833	POSITIVE
COc1cc(c(Cl)cc1C(=O)N1C[C@@]2(C)C[C@@H]1CC(C)(C)C2)-c1ccccc1C	chembl_20720	POSITIVE
COc1cc(c(Cl)cc1C(=O)N1C[C@]2(C)C[C@H]1CC(C)(C)C2)-c1cccc(NC(C)=O)c1	chembl_20905	POSITIVE
COc1cc(c(Cl)cc1C(=O)N1C[C@]2(C)C[C@H]1CC(C)(C)C2)-c1cccc2ccccc12	chembl_21392	POSITIVE
COc1cc(c(Cl)cc1C(=O)N1C[C@]2(C)C[C@H]1CC(C)(C)C2)-c1ccccc1C	chembl_20688	POSITIVE
COc1cc(ccc1-c1c(C)cccc1C)C(=O)N1C[C@]2(C)C[C@H]1CC(C)(C)C2	chembl_20767	POSITIVE
COc1cc(ccc1-c1c(oc2ccccc12)-c1ccccc1)C(=O)N1C[C@]2(C)C[C@H]1CC(C)(C)C2	chembl_20721	NEGATIVE
COc1cc(ccc1-c1c[nH]c2ccccc12)C(=O)N1C[C@]2(C)C[C@H]1CC(C)(C)C2	chembl_21373	POSITIVE
COc1cc(ccc1-c1cc(Cl)ccc1C)C(=O)N1C[C@]2(C)C[C@H]1CC(C)(C)C2	chembl_20495	POSITIVE
COc1cc(ccc1-c1cc2ccccc2s1)C(=O)N1C[C@]2(C)C[C@H]1CC(C)(C)C2	chembl_20703	POSITIVE
COc1cc(ccc1-c1ccc(C)cc1)C(=O)N1C[C@]2(C)C[C@H]1CC(C)(C)C2	chembl_20488	POSITIVE
COc1cc(ccc1-c1ccc(Cl)cc1)C(=O)N1C[C@]2(C)C[C@H]1CC(C)(C)C2	chembl_20638	POSITIVE
COc1cc(ccc1-c1ccc(Cl)cc1C)C(=O)N1C[C@]2(C)C[C@H]1CC(C)(C)C2	chembl_21482	POSITIVE
COc1cc(ccc1-c1ccc(Oc2ccccc2)cc1)C(=O)N1C[C@]2(C)C[C@H]1CC(C)(C)C2	chembl_21196	POSITIVE
COc1cc(ccc1-c1ccc(s1)-c1ccccc1)C(=O)N1C[C@]2(C)C[C@H]1CC(C)(C)C2	chembl_21054	POSITIVE
COc1cc(ccc1-c1ccc2ccccc2c1)C(=O)N1C[C@]2(C)C[C@H]1CC(C)(C)C2	chembl_20692	POSITIVE
COc1cc(ccc1-c1cccc(C)c1)C(=O)N1C[C@]2(C)C[C@H]1CC(C)(C)C2	chembl_21065	POSITIVE
COc1cc(ccc1-c1cccc(NC(C)=O)c1)C(=O)N1C[C@]2(C)C[C@H]1CC(C)(C)C2	chembl_21181	POSITIVE
COc1cc(ccc1-c1cccc(c1)-c1ccccc1)C(=O)N1C[C@]2(C)C[C@H]1CC(C)(C)C2	chembl_21063	POSITIVE
COc1cc(ccc1-c1cccc2c3ccccc3oc12)C(=O)N1C[C@]2(C)C[C@H]1CC(C)(C)C2	chembl_21106	POSITIVE
COc1cc(ccc1-c1cccc2ccccc12)C(=O)N1C[C@]2(C)C[C@H]1CC(C)(C)C2	chembl_21471	POSITIVE
COc1cc(ccc1-c1cccc2cccnc12)C(=O)N1C[C@]2(C)C[C@H]1CC(C)(C)C2	chembl_21511	POSITIVE
COc1cc(ccc1-c1cccc2ncccc12)C(=O)N1C[C@]2(C)C[C@H]1CC(C)(C)C2	chembl_20773	POSITIVE
COc1cc(ccc1-c1ccccc1-c1ccccc1)C(=O)N1C[C@]2(C)C[C@H]1CC(C)(C)C2	chembl_21068	POSITIVE
COc1cc(ccc1-c1ccccc1C)C(=O)N1C[C@@]2(C)C[C@@H]1CC(C)(C)C2	chembl_21051	POSITIVE
COc1cc(ccc1-c1ccccc1C)C(=O)N1C[C@]2(C)C[C@H]1CC(C)(C)C2	chembl_20834	POSITIVE
COc1cc(ccc1-c1ccccc1Oc1ccccc1)C(=O)N1C[C@]2(C)C[C@H]1CC(C)(C)C2	chembl_21299	POSITIVE
COc1cc(ccc1-c1cccnc1Cl)C(=O)N1C[C@]2(C)C[C@H]1CC(C)(C)C2	chembl_20695	POSITIVE
COc1cc(ccc1-c1cnc2ccccc2c1)C(=O)N1C[C@]2(C)C[C@H]1CC(C)(C)C2	chembl_20868	POSITIVE
COc1cc(ccc1-c1coc2ccccc12)C(=O)N1C[C@]2(C)C[C@H]1CC(C)(C)C2	chembl_21052	POSITIVE
COc1cc(ccc1-c1csc2ccccc12)C(=O)N1C[C@]2(C)C[C@H]1CC(C)(C)C2	chembl_20543	POSITIVE
COc1cc(ccc1NC(=O)c1cc(F)ccc1Cl)C(=O)N1CCC2(CCC(=C2)C(O)=O)Cc2ccccc12	chembl_21363	POSITIVE
COc1cc(ccc1NC(=O)c1cc(F)ccc1Cl)C(=O)N1CC[C@@]2(CCC(=C2)C(=O)NS(N)(=O)=O)Cc2ccccc12	chembl_21340	POSITIVE
COc1cc(ccc1NC(=O)c1cc(F)ccc1Cl)C(=O)N1CC[C@@]2(CCC(=C2)C(O)=O)Cc2ccccc12	chembl_21060	POSITIVE
COc1cc(ccc1NC(=O)c1cc(F)ccc1Cl)C(=O)N1CC[C@@]2(CCC(=C2)C2=NCCN2)Cc2ccccc12	chembl_20454	POSITIVE
COc1cc(ccc1NC(=O)c1cc(F)ccc1Cl)C(=O)N1CC[C@@]2(CCC(=C2)c2ncc[nH]2)Cc2ccccc12	chembl_21021	POSITIVE
COc1cc(ccc1NC(=O)c1cc(F)ccc1Cl)C(=O)N1CC[C@@]2(CCC(=C2)c2nn[nH]n2)Cc2ccccc12	chembl_21344	POSITIVE
COc1cc(ccc1NC(=O)c1ccc(Cl)cc1Cl)C(=O)N1Cc2cccn2Cc2ccccc12	chembl_21288	POSITIVE
COc1cc(ccc1\C=C\c1ccccc1)C(=O)N1C[C@]2(C)C[C@H]1CC(C)(C)C2	chembl_20694	POSITIVE
COc1ccc(C(=O)Nc2ccc(C(=O)N3C[C@H]4COCCN4Cc4ccccc34)c(Cl)c2)c(c1)-c1ccccc1	chembl_20900	NEGATIVE
COc1ccc(C)cc1-c1ccc(cc1)C(=O)N(CC1CC1)CC1CCCO1	chembl_20842	NEGATIVE
COc1ccc(C)cc1-c1ccc(cc1)C(=O)N(CC1CCCO1)Cc1ccccc1	chembl_21356	NEGATIVE
COc1ccc(CC(=O)N[C@H](Cc2ccc(Cl)cc2)C(=O)N[C@@H]2C[C@@H]3CC[C@H](C2)N3C)cc1	chembl_20967	POSITIVE
COc1ccc(CNC2CCN(CC2)S(=O)(=O)CCC2CCc3ccccc3N2S(=O)(=O)c2ccc(OC)cc2OC)cc1	chembl_20710	NEGATIVE
COc1ccc(CNCc2ccc(cc2)-c2nc(CN(C3CCCC3)S(=O)(=O)c3ccc(OC)cc3)cs2)cc1	chembl_20569	NEGATIVE
COc1ccc(C[C@@H](NC(=O)C(N)Cc2ccc(cc2)C(=O)c2ccccc2)C(=O)N[C@@H](Cc2ccccc2)C(=O)N[C@@H](CCC(N)=O)C(=O)N[C@@H](CC(N)=O)C(=O)N[C@@H](CCCNC(N)=N)C(=O)N2CCC[C@@H]2C(=O)N[C@@H](CCCNC(N)=N)C(=O)N[C@@H](Cc2ccc(O)c(I)c2)C(N)=O)cc1	chembl_20584	POSITIVE
COc1ccc(C[C@@H](NC(=O)C2(CC2)c2ccc(Cl)cc2)C(=O)N[C@H]2CC[C@@H](CC2)N(C)C)cc1	chembl_21413	POSITIVE
COc1ccc(C[C@@H](NC(=O)CCc2ccc(O)cc2)C(=O)N[C@@H](Cc2ccccc2)C(=O)N[C@@H](CCC(N)=O)C(=O)N[C@@H](CC(N)=O)C(=O)N[C@@H](CCCNC(N)=N)C(=O)N2CCC[C@H]2C(=O)N[C@@H](CCCNC(N)=N)C(N)=O)cc1	chembl_21067	POSITIVE
COc1ccc(C[C@@H](NC(=O)CCc2ccc(O)cc2)C(=O)N[C@@H](Cc2ccccc2)C(=O)N[C@@H](CCC(N)=O)C(=O)N[C@@H](CC(N)=O)C(=O)N[C@@H](CCCNC(N)=N)C(=O)N2C[Se]C[C@H]2C(=O)N[C@@H](CCCNC(N)=N)C(N)=O)cc1	chembl_20709	POSITIVE
COc1ccc(C[C@@H](NC(=O)CNC(=O)c2ccc(cc2)C(=O)c2ccccc2)C(=O)N[C@@H](Cc2ccccc2)C(=O)N[C@@H](CCC(N)=O)C(=O)N[C@@H](CC(N)=O)C(=O)N[C@@H](CCCCN)C(=O)N2CCC[C@@H]2C(=O)N[C@@H](CCCNC(N)=N)C(=O)N[C@@H](Cc2ccc(O)c(I)c2)C(N)=O)cc1	chembl_20848	POSITIVE
COc1ccc(C[C@@H](NC(=O)C[Se]c2ccc(O)cc2)C(=O)N[C@@H](Cc2ccccc2)C(=O)N[C@@H](CCC(N)=O)C(=O)N[C@@H](CC(N)=O)C(=O)N[C@@H](CCCNC(N)=N)C(=O)N2CCC[C@H]2C(=O)N[C@@H](CCCNC(N)=N)C(N)=O)cc1	chembl_20938	POSITIVE
COc1ccc(C[C@@H](NC(=O)c2ccc(cc2)C(=O)c2ccccc2)C(=O)N[C@@H](Cc2ccccc2)C(=O)N[C@@H](CCC(N)=O)C(=O)N[C@@H](CC(N)=O)C(=O)N[C@@H](CCCNC(N)=N)C(=O)N2CCC[C@@H]2C(=O)N[C@@H](CCCNC(N)=N)C(=O)N[C@@H](Cc2ccc(O)c(I)c2)C(N)=O)cc1	chembl_20594	POSITIVE
COc1ccc(C[C@@H]2NC(=O)CC3(CCCCC3)SSC[C@H](NC(=O)[C@H](CC(N)=O)NC(=O)[C@H](CCC(N)=O)NC(=O)[C@H](Cc3ccccc3)NC2=O)C(=O)N2CCC[C@H]2C(=O)N[C@@H](CCCNC(N)=N)C(=O)NCC(N)=O)cc1	chembl_21062	POSITIVE
COc1ccc(Cn2c(nn(Cc3nnc(Cc4c(Cl)cccc4Cl)[nH]3)c2=O)-c2ccc(Cl)cc2)cc1	chembl_21189	POSITIVE
COc1ccc(c(OC)c1)S(=O)(=O)N1C(=O)[C@@](N2CCC[C@H]2C(=O)N(C)C)(c2cc(Cl)ccc12)c1cc(CN2CCCC2)ccc1OC	chembl_21391	POSITIVE
COc1ccc(c(OC)c1)S(=O)(=O)N1C(=O)[C@@](N2CCC[C@H]2C(=O)N(C)C)(c2cc(Cl)ccc12)c1cccnc1OC	chembl_21333	POSITIVE
COc1ccc(c(OC)c1)S(=O)(=O)N1C(=O)[C@@](N2C[C@H](O)C[C@H]2C(=O)N(C)C)(c2cc(Cl)ccc12)c1ccccc1OC	chembl_21439	POSITIVE
COc1ccc(c(OC)c1)S(=O)(=O)N1C(=O)[C@@](N2C[C@H](O)C[C@H]2C(=O)N(C)C)(c2cc(Cl)ccc12)c1cccnc1OC	chembl_21064	POSITIVE
COc1ccc(c(OC)c1)S(=O)(=O)N1C(=O)[C@@](N2C[C@H](O)C[C@H]2C(=O)N(C)C)(c2cc(Cl)ccc12)c1cnc(OC)nc1OC	chembl_21188	POSITIVE
COc1ccc(c(OC)c1)S(=O)(=O)N1C(=O)[C@@](N2C[C@H](O)C[C@H]2C(=O)N(C)C)(c2cc(Cl)ccc12)c1cnccc1OC	chembl_20525	POSITIVE
COc1ccc(c(OC)c1)S(=O)(=O)N1C(=O)[C@@](N2C[C@H](O)C[C@H]2C(=O)N(C)C)(c2cc(Cl)ccc12)c1nccnc1OC	chembl_20783	POSITIVE
COc1ccc(c(OC)c1)S(=O)(=O)N1C(CCS(=O)(=O)N2CCC(CC2)NC(C)c2ccccc2)CCc2ccccc12	chembl_20680	NEGATIVE
COc1ccc(c(OC)c1)S(=O)(=O)N1C(CCS(=O)(=O)N2CCC(CC2)NC2CCC2)CCc2ccccc12	chembl_21132	POSITIVE
COc1ccc(c(OC)c1)S(=O)(=O)N1C(CCS(=O)(=O)N2CCC(CC2)NCC2CC2)CCc2ccccc12	chembl_21203	NEGATIVE
COc1ccc(c(OC)c1)S(=O)(=O)N1C(CCS(=O)(=O)N2CCC(CC2)NCC2CCCCC2)CCc2ccccc12	chembl_20741	POSITIVE
COc1ccc(c(OC)c1)S(=O)(=O)N1C(CCS(=O)(=O)N2CCC(CC2)NCC2CCOCC2)CCc2ccccc12	chembl_20872	POSITIVE
COc1ccc(c(OC)c1)S(=O)(=O)N1C(CCS(=O)(=O)N2CCC(CC2)NCCC(C)C)CCc2ccccc12	chembl_21131	POSITIVE
COc1ccc(c(OC)c1)S(=O)(=O)N1C(CCS(=O)(=O)N2CCC(CC2)NCCc2ccccc2)CCc2ccccc12	chembl_20707	POSITIVE
COc1ccc(c(OC)c1)S(=O)(=O)N1C(CCS(=O)(=O)N2CCC(CC2)NCc2ccc(F)cc2)CCc2ccccc12	chembl_20761	POSITIVE
COc1ccc(c(OC)c1)S(=O)(=O)N1C(CCS(=O)(=O)N2CCC(CC2)NCc2ccccc2)CCc2ccccc12	chembl_21146	POSITIVE
COc1ccc(c(OC)c1)S(=O)(=O)N1C(CCS(=O)(=O)N2CCC(CC2)NCc2cccs2)CCc2ccccc12	chembl_21304	POSITIVE
COc1ccc(c(OC)c1)S(=O)(=O)N1C(CCS(=O)(=O)N2CCC(CC2)NCc2ccsc2)CCc2ccccc12	chembl_21198	POSITIVE
COc1ccc(cc1)-c1ccccc1C(=O)Nc1ccc(C(=O)N2C[C@H]3COCCN3Cc3ccccc23)c(Cl)c1	chembl_21022	NEGATIVE
COc1ccc(cc1)-n1c(C)nnc1-c1ccc(cc1)-c1ccccc1OC	chembl_20748	POSITIVE
COc1ccc(cc1)-n1c(C)nnc1C1CCN(CC1)c1ccccn1	chembl_20609	POSITIVE
COc1ccc(cc1)N(CC(=O)N1CCc2ccccc2C1)S(=O)(=O)c1ccccc1	chembl_20787	POSITIVE
COc1ccc(cc1)N(CC(=O)Nc1ccc(Cl)cc1C)S(=O)(=O)c1ccccc1	chembl_21376	POSITIVE
COc1ccc(cc1)N(CC(=O)Nc1cccc(Cl)c1C)S(=O)(=O)c1ccccc1	chembl_21366	POSITIVE
COc1ccc(cc1)S(=O)(=O)N(CC(=O)N\N=C1/C(=O)Nc2ccccc12)c1ccc(C)cc1	chembl_21277	POSITIVE
COc1ccc(cc1)S(=O)(=O)N(Cc1ccc(cn1)-c1ccccc1C#N)c1ccc(OC)nc1	chembl_20854	POSITIVE
COc1ccc(cc1)S(=O)(=O)N(Cc1ccc(cn1)-c1ccccc1C)c1ccc(OC)nc1	chembl_20440	POSITIVE
COc1ccc(cc1)S(=O)(=O)N(Cc1ccc(cn1)-c1ccccc1Cl)c1ccc(OC)nc1	chembl_20565	POSITIVE
COc1ccc(cc1)S(=O)(=O)N(Cc1ccc(cn1)-c1ccccc1F)c1ccc(OC)nc1	chembl_20442	POSITIVE
COc1ccc(cc1)S(=O)(=O)N(Cc1csc(n1)-c1ccc(CNCC(C)(C)C)cc1)C1CCCC1	chembl_21101	NEGATIVE
COc1ccc(cc1)S(=O)(=O)N(Cc1csc(n1)-c1ccc(CNCC(C)C)cc1)C1CCCC1	chembl_20962	POSITIVE
COc1ccc(cc1)S(=O)(=O)N(Cc1csc(n1)-c1ccc(CNCC2CCCCC2)cc1)C1CCCC1	chembl_21456	NEGATIVE
COc1ccc(cc1)S(=O)(=O)N(Cc1csc(n1)-c1ccc(CNCc2ccoc2)cc1)C1CCCC1	chembl_20723	NEGATIVE
COc1ccc(cc1)S(=O)(=O)N1C(=O)[C@@](N2CCC[C@H]2C(=O)N(C)C)(c2cc(Cl)ccc12)c1cc(CN2CCCC2)ccc1OC	chembl_20524	POSITIVE
COc1ccc(cc1)S(=O)(=O)N1C(=O)[C@@](N2CCC[C@H]2C(=O)N(C)C)(c2cc(Cl)ccc12)c1cc(CN2CCN(C)CC2)ccc1OC	chembl_21350	POSITIVE
COc1ccc(cc1)S(=O)(=O)N1C(=O)[C@@](N2CCC[C@H]2C(=O)N(C)C)(c2cc(Cl)ccc12)c1ccc(CN2CCCC2)cc1OC	chembl_20453	POSITIVE
COc1ccc(cc1)S(=O)(=O)N1C(=O)[C@@](N2CCC[C@H]2C(=O)N(C)C)(c2cc(Cl)ccc12)c1ccc(CN2CCN(C)CC2)cc1OC	chembl_21055	POSITIVE
COc1ccc(cc1)S(=O)(=O)N1C(=O)[C@@](N2CCC[C@H]2c2ncco2)(c2cc(Cl)ccc12)c1cc(CN(C)C)ccc1OC	chembl_20947	POSITIVE
COc1ccc(cc1)S(=O)(=O)N1C(=O)[C@@](N2CCC[C@H]2c2ncco2)(c2cc(Cl)ccc12)c1cc(CN2CCCC2)ccc1OC	chembl_21073	POSITIVE
COc1ccc(cc1)S(=O)(=O)N1C(=O)[C@@](N2CCC[C@H]2c2ncco2)(c2cc(Cl)ccc12)c1cc(CN2CCN(C)CC2)ccc1OC	chembl_20661	POSITIVE
COc1ccc(cc1OC)S(=O)(=O)N(CC(=O)\N=N\C1C(=O)Nc2ccccc12)c1ccc(Cl)cc1	chembl_21283	POSITIVE
COc1ccc(cc1OC)S(=O)(=O)N1[C@@H](C(=O)N2CCC[C@H]2C(N)=O)[C@](O)(c2cc(Cl)ccc12)c1ccccc1Cl	chembl_20665	POSITIVE
COc1ccc(cn1)-n1c(C)nnc1-c1ccc(cc1)-c1ccccc1OC	chembl_21494	POSITIVE
COc1ccc(cn1)-n1c(C)nnc1-c1cnc(Oc2ccccc2)cn1	chembl_20933	NEGATIVE
COc1ccc(cn1)-n1c(C)nnc1-c1cnc(cn1)-c1ccc(F)cc1C	chembl_20820	POSITIVE
COc1ccc(cn1)-n1c(C)nnc1-c1cnc(cn1)-c1cccc(F)c1Cl	chembl_21207	POSITIVE
COc1ccc(cn1)-n1c(C)nnc1-c1cnc(cn1)-c1ccccc1Cl	chembl_21123	POSITIVE
COc1ccc(cn1)-n1c(C)nnc1N1CC(C1)Oc1cc(F)ccc1C	chembl_20725	NEGATIVE
COc1ccc(cn1)-n1c(C)nnc1N1CC(C1)Oc1ccc(F)cc1C	chembl_21372	POSITIVE
COc1ccc(cn1)-n1c(C)nnc1N1CC(C1)Oc1ccc(F)cc1Cl	chembl_20805	NEGATIVE
COc1ccc(cn1)-n1c(C)nnc1N1CC(C1)Oc1ccccc1Cl	chembl_20605	NEGATIVE
COc1ccc(cn1)-n1c(C)nnc1N1CCC(CC1)Oc1cc(F)cc(F)c1C	chembl_20735	POSITIVE
COc1ccc(cn1)-n1c(C)nnc1N1CCC(CC1)Oc1ccc(F)cc1C	chembl_21367	POSITIVE
COc1ccc(cn1)-n1c(C)nnc1N1CCC(CC1)Oc1ccccc1	chembl_21143	POSITIVE
COc1ccc(cn1)-n1c(C)nnc1N1CCC(CC1)Oc1ccccc1C	chembl_21251	POSITIVE
COc1ccc(cn1)-n1c(C)nnc1N1CC[C@H](C1)Oc1ccc(F)cc1C	chembl_20653	POSITIVE
COc1ccc(cn1)-n1c(C)nnc1N1CC[C@H](C1)Oc1ccccc1	chembl_21493	NEGATIVE
COc1ccc(cn1)-n1c(C)nnc1N1CC[C@H](C1)Oc1ccccc1C	chembl_20606	POSITIVE
COc1ccc(cn1)-n1c(CC#N)nnc1N1C[C@@H]2C[C@@]2(C1)c1ccc(F)cc1Cl	chembl_20819	POSITIVE
COc1ccc(cn1)-n1c(COC2CCOCC2)nnc1N1C[C@@H]2C[C@@]2(C1)c1ccc(F)cc1Cl	chembl_21459	NEGATIVE
COc1ccc(cn1)-n1c(COCCF)nnc1N1C[C@@H]2C[C@@]2(C1)c1ccc(F)cc1Cl	chembl_20816	POSITIVE
COc1ccc(cn1)-n1c(CO[C@@H]2CCOC2)nnc1N1C[C@@H]2C[C@@]2(C1)c1ccc(F)cc1Cl	chembl_20776	NEGATIVE
COc1ccc(cn1)-n1c(CO[C@H]2CCOC2)nnc1N1C[C@@H]2C[C@@]2(C1)c1ccc(F)cc1Cl	chembl_21026	NEGATIVE
COc1ccc(cn1)-n1c(nnc1N1C[C@@H]2C[C@@]2(C1)c1ccc(F)cc1Cl)C(F)F	chembl_21210	NEGATIVE
COc1ccc(cn1)-n1c(nnc1N1C[C@@H]2C[C@@]2(C1)c1ccc(F)cc1Cl)C1CC1	chembl_20818	NEGATIVE
COc1ccc(cn1)N(C)C(=O)N1CC(C1)Oc1ccc(F)cc1C	chembl_21072	NEGATIVE
COc1ccc(cn1)N(C)C(=O)N1CC(C1)Oc1ccc(F)cc1Cl	chembl_21481	POSITIVE
COc1ccc(cn1)N(C)C(=O)c1cnc(cn1)-c1ccc(F)cc1C	chembl_21138	NEGATIVE
COc1ccc(cn1)N(C)C(=O)c1cnc(cn1)-c1ccccc1C	chembl_20802	NEGATIVE
COc1ccc(cn1)N(Cc1ccc(cn1)-c1ccccc1C)S(=O)(=O)c1cn(C)c(C)n1	chembl_21305	POSITIVE
COc1ccc-2c(COCc3nnc(C4CCN(CC4)c4ccccn4)n-23)c1	chembl_21423	POSITIVE
COc1ccc2cc(ccc2c1)-c1ccc(cc1OC)C(=O)N1C[C@]2(C)C[C@H]1CC(C)(C)C2	chembl_21030	POSITIVE
COc1cccc(CNC(=O)\C=C2\c3ccccc3N(CCC2(F)F)C(=O)c2ccc(cc2Cl)-n2ccc(C)n2)n1	chembl_20455	POSITIVE
COc1cccc(CNC2CCN(CC2)S(=O)(=O)CCC2CCc3ccccc3N2S(=O)(=O)c2ccc(OC)cc2OC)c1	chembl_20960	NEGATIVE
COc1cccc(OC)c1C(=O)Nc1ccc(cc1)C(=O)N1CCC2(CCCC=C2)Cc2ccccc12	chembl_20832	POSITIVE
COc1cccc(c1)-c1ccccc1C(=O)Nc1ccc(C(=O)N2C[C@H]3COCCN3Cc3ccccc23)c(Cl)c1	chembl_20599	NEGATIVE
COc1ccccc1-c1ccc(cc1)C(=O)N(CC1CC1)CC1CCCO1	chembl_21273	POSITIVE
COc1ccccc1-c1ccc(cc1)C(=O)N(CC1CCCO1)Cc1ccccc1	chembl_20527	POSITIVE
COc1ccccc1-n1c(C)nnc1-c1ccc(cc1)-c1ccccc1	chembl_20542	POSITIVE
COc1ccccc1C(=O)Nc1ccc(cc1)C(=O)N1CCC2(CCCC=C2)Cc2ccccc12	chembl_20831	POSITIVE
COc1cccn(CC(=O)NCc2cc3cc(ccc3o2)C(=O)N2CCC(CC2)N2C(=O)OCc3ccccc23)c1=O	chembl_20671	NEGATIVE
COc1nc2cc(Cl)ccc2n2c(nnc12)C1CCN(CC1)c1ccccn1	chembl_20985	POSITIVE
CS(=O)(=O)N1CCC(CC1)Oc1ccc(CC(=O)N2CCC(CC2)N2C(=O)CCc3ccccc23)c(OCCF)c1	chembl_21394	NEGATIVE
CS(=O)(=O)N1CCC(CC1)Oc1ccc(CC(=O)N2CCC(CC2)N2C(=O)CCc3ccccc23)c(OC\C=C/I)c1	chembl_20874	POSITIVE
CS(=O)(=O)N1CCC(CC1)Oc1ccc(CC(=O)N2CCC(CC2)N2C(=O)CCc3ccccc23)c(OC\C=C\I)c1	chembl_20484	POSITIVE
CS(=O)(=O)N1Cc2nnc(C3CCN(CC3)c3ccccn3)n2-c2ccc(Cl)cc2C1	chembl_21081	POSITIVE
CS(=O)(=O)NC(CNC(=O)Cn1nc(-c2ccc(Cl)cc2)n(C[C@H](O)C(F)(F)F)c1=O)c1ccccc1Cl	chembl_20666	POSITIVE
CSc1ccc(cc1)C(=O)Nc1ccc(cc1)C(=O)N1CCC2(CCCC=C2)Cc2ccccc12	chembl_21442	POSITIVE
C[C@@H](NC(=O)[C@@H](CC(=O)N1CCC(CC1)N1CCCCC1)N1[C@H](\C=C\c2cccc(C)c2)[C@H](N2[C@H](COC2=O)c2ccccc2)C1=O)c1ccccc1	chembl_21157	POSITIVE
C[C@@H](NC(=O)[C@@H](CC(=O)N1CCC(CC1)N1CCCCC1)N1[C@H](\C=C\c2cccc(F)c2)[C@H](N2[C@H](COC2=O)c2ccccc2)C1=O)c1ccccc1	chembl_21078	POSITIVE
C[C@@H](NC(=O)[C@@H](CC(=O)N1CCC(CC1)N1CCCCC1)N1[C@H](\C=C\c2cccc(I)c2)[C@H](N2[C@H](COC2=O)c2ccccc2)C1=O)c1ccccc1	chembl_21298	POSITIVE
C[C@@H](NC(=O)[C@@H](CC(=O)N1CCC(CC1)N1CCCCC1)N1[C@H](\C=C\c2ccccc2)[C@H](N2[C@H](COC2=O)c2ccccc2)C1=O)c1cccc(c1)C(F)(F)F	chembl_20668	POSITIVE
C[C@@H](NC(=O)[C@@H](CC(=O)N1CCC(CC1)N1CCCCC1)N1[C@H](\C=C\c2ccccc2)[C@H](N2[C@H](COC2=O)c2ccccc2)C1=O)c1ccccc1	chembl_20503	POSITIVE
C[C@@H](NC(=O)[C@H](CC(=O)N1CCC(CCN2CCCCC2)CC1)N1[C@H](\C=C\c2ccccc2)[C@H](N2[C@H](COC2=O)c2ccccc2)C1=O)c1ccccc1	chembl_20447	POSITIVE
C[C@@H](O)[C@@H]1NC(=O)[C@H](Cc2ccccc2)NC(=O)[C@H](Cc2ccc(O)cc2)NC(=O)CCSSC[C@H](NC(=O)[C@H](CC(N)=O)NC1=O)C(=O)N1CCC[C@H]1C(=O)N[C@@H](CCCNC(N)=N)C(=O)NCC(N)=O	chembl_20840	POSITIVE
C[C@@H]1CCN(C1)c1ccc(C(=O)N2CCC(F)(F)\C(=C/C(=O)NCCO)c3ccccc23)c(Cl)c1	chembl_21312	POSITIVE
C[C@@H]1CCN(C1)c1ccc(C(=O)N2CCC(F)(F)\C(=C/C(=O)NCCO)c3ccccc23)c(c1)C(F)(F)F	chembl_21315	POSITIVE
C[C@@H]1CN(CCN1C(=O)N1CCNc2cc(Cl)ccc12)c1ncccc1C	chembl_20794	POSITIVE
C[C@@H]1CN(CCN1c1ccccn1)C(=O)N1CCNc2cc(Cl)ccc12	chembl_21311	POSITIVE
C[C@@H]1NC(=O)[C@@H](Cc2ccccc2)NC(=O)[C@H](Cc2ccc(O)cc2)NC(=O)CCSSC[C@@H](NC(=O)[C@@H](CC(N)=O)NC1=O)C(=O)N1CCC[C@@H]1C(=O)N[C@@H](CCCNC(N)=N)C(=O)NCC(N)=O	chembl_20847	POSITIVE
C[C@@]12C[C@@H](CC(C)(C)C1)N(C2)C(=O)c1cc(Cl)c(cc1Cl)-c1cccc2ccccc12	chembl_20497	POSITIVE
C[C@@]12C[C@@H](CC(C)(C)C1)N(C2)C(=O)c1cc(Cl)c(cc1Cl)-c1csc2ccccc12	chembl_20772	POSITIVE
C[C@@]12C[C@@H](CC(C)(C)C1)N(C2)C(=O)c1ccc(-c2csc3ccccc23)c(Cl)c1Cl	chembl_20988	POSITIVE
C[C@@]12C[C@@H](CC(C)(C)C1)N(C2)C(=O)c1ccc(c(Cl)c1Cl)-c1cccc2ccccc12	chembl_20726	POSITIVE
C[C@@]12C[C@@H](CC(C)(C)C1)N(C2)C(=O)c1ccc(cc1Cl)-c1cc(Cl)c(cc1Cl)-c1cccc2cccnc12	chembl_21115	POSITIVE
C[C@@]12C[C@@H](CC(C)(C)C1)N(C2)C(=O)c1ccc(cc1Cl)-c1ccc(-c2cccc3cccnc23)c2ccccc12	chembl_21222	POSITIVE
C[C@@]12C[C@@H](CC(C)(C)C1)N(C2)C(=O)c1ccc(cc1Cl)-c1ccc(-c2csc3ccccc23)c2ccccc12	chembl_21186	POSITIVE
C[C@@]12C[C@@H](CC(C)(C)C1)N(C2)C(=O)c1ccc(cc1Cl)-c1ccc(c(Cl)c1Cl)-c1cccc2cccnc12	chembl_21270	POSITIVE
C[C@@]12C[C@@H](CC(C)(C)C1)N(C2)C(=O)c1ccc(cc1Cl)-c1ccc(cc1Cl)-c1cccc2cccnc12	chembl_21264	POSITIVE
C[C@@]12C[C@@H](CC(C)(C)C1)N(C2)C(=O)c1ccc(cc1Cl)-c1cccc2ccccc12	chembl_20903	POSITIVE
C[C@@]12C[C@@H](CC(C)(C)C1)N(C2)C(=O)c1ccc(cc1Cl)-c1csc2ccccc12	chembl_21093	POSITIVE
C[C@H](NC(=O)[C@@H](CC(=O)N1CCC(CC1)N1CCCCC1)N1[C@H](\C=C\c2ccccc2)[C@H](N2[C@H](COC2=O)c2ccccc2)C1=O)c1ccccc1	chembl_21319	POSITIVE
C[C@H](NC(=O)[C@H](CC(=O)N1CCC(CCN2CCCCC2)CC1)N1[C@H](\C=C\c2ccccc2)[C@H](N2[C@H](COC2=O)c2ccccc2)C1=O)c1ccccc1	chembl_21095	POSITIVE
C[C@H]1CCN(C1)c1ccc(C(=O)N2CCC(F)(F)\C(=C/C(=O)NCCO)c3ccccc23)c(Cl)c1	chembl_20620	POSITIVE
C[C@H]1CCN(C1)c1ccc(C(=O)N2CCC(F)(F)\C(=C/C(=O)NCCO)c3ccccc23)c(c1)C(F)(F)F	chembl_20652	POSITIVE
C[C@H]1CN(CCN1c1ccccn1)C(=O)N1CCNc2cc(Cl)ccc12	chembl_20518	POSITIVE
C\C(=N/NC(=O)CN(c1cccc(Cl)c1)S(=O)(=O)c1ccccc1)c1ccccc1O	chembl_20826	POSITIVE
Cc1c(C(=O)N2CCC(O)(Cc3ccccc3)CC2)c2ccccc2n1C(=O)c1ccccc1	chembl_20733	NEGATIVE
Cc1c(C(=O)N2CCC(O)(Cc3ccccc3)CC2)c2ccccc2n1Cc1ccccc1	chembl_20966	POSITIVE
Cc1c(C(=O)N2CCC(O)(Cc3ccccc3)CC2)c2ccccc2n1S(=O)(=O)c1ccccc1	chembl_20717	NEGATIVE
Cc1c(C(=O)N2CCC3(CC2)OCc2ccccc32)c2ccccc2n1Cc1ccccc1	chembl_20564	POSITIVE
Cc1c(F)cccc1C(=O)Nc1ccc(C(=O)N2Cc3cccn3Cc3ccccc23)c(Cl)c1	chembl_20607	POSITIVE
Cc1cc(F)ccc1-c1ccc(cc1)C(=O)N(CC1CC1)CC1CCCO1	chembl_20942	POSITIVE
Cc1cc(F)ccc1-c1ccc(cc1)C(=O)N(CC1CCCO1)Cc1ccccc1	chembl_21420	POSITIVE
Cc1cc(ccc1-c1ccccc1)C(=O)N(CC1CC1)CC1CCCO1	chembl_21182	POSITIVE
Cc1cc(ccc1-c1ccccc1)C(=O)N(CC1CCCO1)Cc1ccccc1	chembl_21113	POSITIVE
Cc1cc(ccc1C(=O)N(CC1CC1)CC1CCCO1)-c1ccccc1	chembl_21480	NEGATIVE
Cc1cc(ccc1C(=O)N(CC1CCCO1)Cc1ccccc1)-c1ccccc1	chembl_20444	POSITIVE
Cc1cc(ccc1CNC(=O)N1CCCC1)C(=O)N1Cc2cnn(C)c2Nc2ccccc12	chembl_20625	POSITIVE
Cc1cc(ccc1CNC(=O)N1CCN(Cc2cc(O)cc(O)c2)CC1)C(=O)N1Cc2cnn(C)c2Nc2ccccc12	chembl_21431	POSITIVE
Cc1cc(ccc1NC(=O)c1ccccc1-c1ccccc1)C(=O)N1Cc2cnn(C)c2Nc2ccccc12	chembl_20759	POSITIVE
Cc1cc(no1)[C@H]1CC[C@@H](CC1)c1nnc2C3CC3c3cc(Cl)ccc3-n12	chembl_20991	POSITIVE
Cc1cc(no1)[C@H]1CC[C@@H](CC1)c1nnc2CCCc3cc(Br)ccc3-n12	chembl_21496	POSITIVE
Cc1cc(no1)[C@H]1CC[C@@H](CC1)c1nnc2CCCc3cc(Cl)ccc3-n12	chembl_21501	POSITIVE
Cc1cc(no1)[C@H]1CC[C@@H](CC1)c1nnc2CCCc3ccccc3-n12	chembl_20448	POSITIVE
Cc1cc(no1)[C@H]1CC[C@@H](CC1)c1nnc2CCc3cc(Cl)ccc3-n12	chembl_21234	POSITIVE
Cc1cc(no1)[C@H]1CC[C@@H](CC1)c1nnc2[C@@H]3C[C@@H]3c3cc(Cl)ccc3-n12	chembl_20642	POSITIVE
Cc1cc(no1)[C@H]1CC[C@@H](CC1)c1nnc2[C@H]3C[C@H]3c3cc(Cl)ccc3-n12	chembl_21034	POSITIVE
Cc1ccc(C)c(c1)C(=O)Nc1ccc(C(=O)N2Cc3cccn3Cc3ccccc23)c(Cl)c1	chembl_21445	POSITIVE
Cc1ccc(F)cc1C(=O)Nc1ccc(C(=O)N2C=C3CCC(=O)N3Cc3ccccc23)c(Cl)c1	chembl_20817	POSITIVE
Cc1ccc(F)cc1C(=O)Nc1ccc(C(=O)N2CC3C=CC(=O)N3Cc3ccccc23)c(Cl)c1	chembl_20878	POSITIVE
Cc1ccc(F)cc1C(=O)Nc1ccc(C(=O)N2CC3CSCCN3Cc3ccccc23)c(Cl)c1	chembl_20531	NEGATIVE
Cc1ccc(F)cc1C(=O)Nc1ccc(C(=O)N2CCC3(CCC(CO)=C3)Cc3ccccc23)c(Cl)c1	chembl_20587	POSITIVE
Cc1ccc(F)cc1C(=O)Nc1ccc(C(=O)N2CCCCc3sccc23)c(Cl)c1	chembl_21125	POSITIVE
Cc1ccc(F)cc1C(=O)Nc1ccc(C(=O)N2C[C@H]3COCCN3Cc3ccccc23)c(Cl)c1	chembl_20806	POSITIVE
Cc1ccc(F)cc1C(=O)Nc1ccc(C(=O)N2Cc3cccn3Cc3ccccc23)c(C)c1	chembl_20457	POSITIVE
Cc1ccc(F)cc1C(=O)Nc1ccc(C(=O)N2Cc3cccn3Cc3ccccc23)c(Cl)c1	chembl_20914	POSITIVE
Cc1ccc(F)cc1C(=O)Nc1ccc(C(=O)Nc2ccccc2C(O)=O)c(Cl)c1	chembl_21031	POSITIVE
Cc1ccc(F)cc1C(=O)Nc1ccc(C(=O)Nc2ccccc2Cn2cccc2C(O)=O)c(Cl)c1	chembl_21220	POSITIVE
Cc1ccc(F)cc1C(=O)Nc1ccc(cc1)C(=O)N1CCC2(CCC(=C2)C(=O)NCCN2CCCC2)Cc2ccccc12	chembl_20734	POSITIVE
Cc1ccc(F)cc1C(=O)Nc1ccc(cc1)C(=O)N1CCC2(CCC(=C2)C(=O)NCCN2CCCCC2)Cc2ccccc12	chembl_20589	POSITIVE
Cc1ccc(F)cc1C(=O)Nc1ccc(cc1)C(=O)N1CCC2(CCCC=C2)Cc2ccccc12	chembl_20971	POSITIVE
Cc1ccc(F)cc1C(=O)Nc1ccc(cc1)C(=O)N1Cc2cccn2Cc2ccccc12	chembl_21094	POSITIVE
Cc1ccc(F)cc1C(=O)Nc1ccc(cc1Cl)C(=O)N1Cc2cccn2Cc2ccccc12	chembl_20645	POSITIVE
Cc1ccc(Oc2ccc(cc2)C(=O)N2Cc3cccn3Cc3ccccc23)cc1	chembl_20476	POSITIVE
Cc1ccc(cc1)-c1ccc(cc1)C(=O)N1Cc2cccn2Cc2ccccc12	chembl_21187	POSITIVE
Cc1ccc(cc1)-c1ccccc1C(=O)Nc1ccc(C(=O)N2C[C@@H]3C4CCC(C4)N3Cc3cc(Cl)ccc23)c(Cl)c1	chembl_21380	POSITIVE
Cc1ccc(cc1)-c1ccccc1C(=O)Nc1ccc(cc1)C(=O)N1C[C@@H]2C3CCC(C3)N2Cc2cc(Cl)ccc12	chembl_20581	POSITIVE
Cc1ccc(cc1)-c1ccccc1C(=O)Nc1ccc(cc1)C(=O)N1C[C@@H]2C3CCC(CC3)N2Cc2cc(Cl)ccc12	chembl_21248	POSITIVE
Cc1ccc(cc1)C(=O)Nc1ccc(cc1)C(=O)N1CCC2(CCCC=C2)Cc2ccccc12	chembl_20506	POSITIVE
Cc1ccc(cc1)N(CC(=O)N1CCc2ccccc2C1)S(=O)(=O)c1ccccc1	chembl_20909	POSITIVE
Cc1ccc(cc1)N(CC(=O)N\N=C1/C(=O)Nc2ccccc12)S(=O)(=O)c1ccc(cc1)C#N	chembl_20672	NEGATIVE
Cc1ccc(cc1)S(=O)(=O)c1ccc(cc1)C(=O)N1Cc2cccn2Cc2ccccc12	chembl_21295	POSITIVE
Cc1ccc(cc1C(=O)NCC12CC3CC(CC(C3)C1)C2)C(=O)N1CC2CNCC(C1)O2	chembl_20702	NEGATIVE
Cc1ccc(cc1C)C(=O)Nc1ccc(cc1)C(=O)N1CCC2(CCCC=C2)Cc2ccccc12	chembl_20482	POSITIVE
Cc1ccc-2c(CC(O)Cc3nnc([C@H]4CC[C@@H](CC4)Oc4ccccn4)n-23)c1	chembl_20979	POSITIVE
Cc1ccc-2c(COCc3nnc(C4CCN(CC4)c4ccccn4)n-23)c1	chembl_20499	POSITIVE
Cc1ccc2CC(O)Cc3nnc([C@H]4CC[C@@H](CC4)Oc4ccccn4)n3-c2c1	chembl_21307	POSITIVE
Cc1ccc2CN3CCSCC3CN(C(=O)c3ccc(NC(=O)c4ccccc4-c4ccccc4)cc3)c2c1	chembl_21374	POSITIVE
Cc1cccc(C(=O)Nc2ccc(C(=O)N3Cc4cccn4Cc4ccccc34)c(Cl)c2)c1C	chembl_20775	POSITIVE
Cc1cccc(c1)C(=O)Nc1ccc(cc1)C(=O)N1CCC2(CCCC=C2)Cc2ccccc12	chembl_21128	POSITIVE
Cc1cccc-2c1CC(O)Cc1nnc([C@H]3CC[C@@H](CC3)Oc3ccccn3)n-21	chembl_20983	POSITIVE
Cc1cccc2C[C@@H](O)Cc3nnc(C4CCN(CC4)c4ccccc4)n3-c12	chembl_20715	POSITIVE
Cc1cccc2C[C@@H](O)Cc3nnc([C@H]4CC[C@@H](CC4)Oc4ccccn4)n3-c12	chembl_21432	POSITIVE
Cc1cccc2C[C@H](O)Cc3nnc(C4CCN(CC4)c4ccccc4)n3-c12	chembl_21504	POSITIVE
Cc1cccc2C[C@H](O)Cc3nnc([C@H]4CC[C@@H](CC4)Oc4ccccn4)n3-c12	chembl_20691	POSITIVE
Cc1ccccc1-c1ccc(C(=O)N2C[C@@]3(C)C[C@@H]2CC(C)(C)C3)c(Cl)c1	chembl_21477	POSITIVE
Cc1ccccc1-c1ccc(C(=O)N2C[C@]3(C)C[C@H]2CC(C)(C)C3)c(Cl)c1	chembl_21108	POSITIVE
Cc1ccccc1-c1ccc(cc1)C(=O)N1C[C@@]2(C)C[C@@H]1CC(C)(C)C2	chembl_21190	POSITIVE
Cc1ccccc1-c1ccc(cc1)C(=O)N1C[C@]2(C)C[C@H]1CC(C)(C)C2	chembl_21109	POSITIVE
Cc1ccccc1-c1ccc(cc1)C(=O)N1Cc2cccn2Cc2ccccc12	chembl_21083	POSITIVE
Cc1ccccc1-c1ccc(cc1C)C(=O)N1C[C@@]2(C)C[C@@H]1CC(C)(C)C2	chembl_21296	POSITIVE
Cc1ccccc1-c1ccc(cc1C)C(=O)N1C[C@]2(C)C[C@H]1CC(C)(C)C2	chembl_20768	POSITIVE
Cc1ccccc1C(=O)Nc1ccc(C(=O)N2CCCC(O)c3cc(Cl)ccc23)c(C)c1	chembl_277	POSITIVE
Cc1ccccc1C(=O)Nc1ccc(C(=O)N2Cc3cccn3Cc3ccccc23)c(Cl)c1	chembl_21214	POSITIVE
Cc1ccccc1C(=O)Nc1ccc(cc1)C(=O)N1CCC2(CCCC=C2)Cc2ccccc12	chembl_21443	POSITIVE
Cc1ccccc1C(=O)Nc1ccc(cc1)C(=O)N1CCCC(O)c2c(C)cccc12	chembl_21174	POSITIVE
Cc1ccccc1C(=O)Nc1ccc(cc1)C(=O)N1CCCC(O)c2cccc(C)c12	chembl_21289	POSITIVE
Cc1ccccc1C(=O)Nc1ccc(cc1)C(=O)N1CCCC(O)c2ccccc12	chembl_21153	POSITIVE
Cc1ccccc1C(=O)Nc1ccc(cc1)C(=O)N1CCCCc2ccccc12	chembl_20808	POSITIVE
Cc1ccccc1C(=O)Nc1ccc(cc1)C(=O)N1CCCNc2ccccc12	chembl_20961	POSITIVE
Cc1ccccc1C(=O)Nc1ccc(cc1)C(=O)N1CCCS(=O)c2c(C)cccc12	chembl_20491	POSITIVE
Cc1ccccc1C(=O)Nc1ccc(cc1)C(=O)N1CCCS(=O)c2ccccc12	chembl_20755	POSITIVE
Cc1ccccc1C(=O)Nc1ccc(cc1)C(=O)N1CCCSc2c(C)cccc12	chembl_20470	POSITIVE
Cc1ccccc1C(=O)Nc1ccc(cc1)C(=O)N1CCCSc2cccc(C)c12	chembl_21029	POSITIVE
Cc1ccccc1C(=O)Nc1ccc(cc1)C(=O)N1CCCSc2ccccc12	chembl_21169	POSITIVE
Cc1ccccc1C(=O)Nc1ccc(cc1)C(=O)N1CCC[C@@H](O)c2c(C)cccc12	chembl_21013	POSITIVE
Cc1ccccc1C(=O)Nc1ccc(cc1)C(=O)N1CCC[C@@H](O)c2cccc(C)c12	chembl_20700	POSITIVE
Cc1ccccc1C(=O)Nc1ccc(cc1)C(=O)N1CCC[C@@H](O)c2ccccc12	chembl_20502	POSITIVE
Cc1ccccc1C(=O)Nc1ccc(cc1)C(=O)N1CCC[C@H](O)c2c(C)cccc12	chembl_20998	POSITIVE
Cc1ccccc1C(=O)Nc1ccc(cc1)C(=O)N1CCC[C@H](O)c2cccc(C)c12	chembl_21250	POSITIVE
Cc1ccccc1C(=O)Nc1ccc(cc1)C(=O)N1CCC[C@H](O)c2ccccc12	chembl_21375	POSITIVE
Cc1ccccc1C(=O)Nc1ccc(cc1)C(=O)N1CCC[S@@](=O)c2c(C)cccc12	chembl_21122	POSITIVE
Cc1ccccc1C(=O)Nc1ccc(cc1)C(=O)N1CCC[S@@](=O)c2ccccc12	chembl_21037	POSITIVE
Cc1ccccc1C(=O)Nc1ccc(cc1)C(=O)N1CCc2c[nH]nc2-c2sccc12	chembl_20990	POSITIVE
Cc1ccccc1C(=O)Nc1ccc(cc1)C(=O)N1CCc2cn(C)nc2-c2sccc12	chembl_21076	NEGATIVE
Cc1ccccc1C(=O)Nc1ccc(cc1)C(=O)N1Cc2ccsc2Cc2ccccc12	chembl_20928	POSITIVE
Cc1ccccc1C(=O)Nc1ccc(cc1)C(=O)N1Cc2sccc2Cc2ccccc12	chembl_21167	POSITIVE
Cc1ccccc1C1CCN(CC1)C(=O)N1CCNc2cc(Cl)ccc12	chembl_21405	POSITIVE
Cc1ccccc1N1CCN(CC1)C(=O)C1CN(Cc2cc(Cl)ccc12)C(=O)C1CC1	chembl_20513	POSITIVE
Cc1ccccc1N1CCN(CC1)C(=O)C1CN(Cc2cc(Cl)ccc12)C(=O)C1CCCC1	chembl_21397	POSITIVE
Cc1ccccc1N1CCN(CC1)C(=O)C1CN(Cc2cc(Cl)ccc12)C(=O)C1CCCCC1	chembl_21014	POSITIVE
Cc1ccccc1N1CCN(CC1)C(=O)N1CCCCc2cc(Cl)ccc12	chembl_20924	POSITIVE
Cc1ccccc1N1CCN(CC1)C(=O)N1CCCc2cc(Cl)ccc12	chembl_20679	POSITIVE
Cc1ccccc1N1CCN(CC1)C(=O)N1CCNc2cc(Cl)ccc12	chembl_20921	POSITIVE
Cc1ccccc1N1CCN(CC1)C(=O)N1CCNc2ccc(Cl)cc12	chembl_20443	NEGATIVE
Cc1ccccc1N1CCN(CC1)C(=O)N1CCNc2ccccc12	chembl_20919	NEGATIVE
Cc1ccccc1N1CCN(CC1)C(=O)N1CCc2cc(Cl)ccc12	chembl_21184	POSITIVE
Cc1ccccc1N1CCN(CC1)C(=O)N1CN(Cc2cc(Cl)ccc12)C(=O)C1(CC1)c1ccc(F)cc1	chembl_20458	POSITIVE
Cc1ccccc1N1CCN(CC1)C(=O)N1CN(Cc2cc(Cl)ccc12)C(=O)C1CC1	chembl_21301	POSITIVE
Cc1ccccc1N1CCN(CC1)C(=O)N1CN(Cc2cc(Cl)ccc12)C(=O)C1CCCC1	chembl_21290	POSITIVE
Cc1ccccc1N1CCN(CC1)C(=O)N1CN(Cc2cc(Cl)ccc12)C(=O)C1CCCCC1	chembl_21085	POSITIVE
Cc1ccccc1N1CCN(CC1)C(=O)N1CN(Cc2cc(Cl)ccc12)C(=O)CO	chembl_20793	POSITIVE
Cc1ccccc1N1CCN(CC1)C(=O)N1CN(Cc2cc(Cl)ccc12)C(=O)c1ccccc1	chembl_20917	POSITIVE
Cc1ccccc1N1CCN(CC1)C(=O)N1CN(Cc2cc(Cl)ccc12)S(C)(=O)=O	chembl_21348	POSITIVE
Cc1ccccc1N1CCN(CC1)C(=O)N1CNCc2cc(Cl)ccc12	chembl_20841	POSITIVE
Cc1ccccc1N1CCN(CC1)C(=O)N1C[C@@H](Cc2cc(Cl)ccc12)C(=O)C1CCCC1	chembl_20779	POSITIVE
Cc1ccccc1N1CCN(CC1)C(=O)N1C[C@H](Cc2cc(Cl)ccc12)C(=O)C1CCCC1	chembl_20528	POSITIVE
Cc1ccccc1N1CCN(CC1)C(=O)N1C[C@H](Cc2cc(Cl)ccc12)C(=O)N1CCCC1	chembl_21231	POSITIVE
Cc1ccccc1N1CCN(CC1)C(=O)c1ccc(Cl)c(NC(=O)c2cccs2)c1	chembl_20728	POSITIVE
Cc1ccccc1N1CCN(CC1)S(=O)(=O)C[C@]12CC[C@H](C[C@@H]1NC(=O)[C@@H](N)CCS(C)(=O)=O)C2(C)C	chembl_20601	POSITIVE
Cc1cccnc1N1CCN(CC1)C(=O)N1CCNc2cc(Cl)ccc12	chembl_21469	POSITIVE
Cc1ccn(Cc2ccc(cc2C)C(=O)N2Cc3cnn(C)c3Nc3ccccc23)n1	chembl_21370	POSITIVE
Cc1ccn(n1)-c1ccc(C(=O)N2CCC(F)(F)\C(=C/C(=O)NCC(N)=O)c3ccccc23)c(Cl)c1	chembl_20884	POSITIVE
Cc1ccn(n1)-c1ccc(C(=O)N2CCC(F)(F)\C(=C/C(=O)NCC(O)=O)c3ccccc23)c(Cl)c1	chembl_21240	POSITIVE
Cc1ccn(n1)-c1ccc(C(=O)N2CCC(F)(F)\C(=C/C(=O)NCCO)c3ccccc23)c(Cl)c1	chembl_20742	POSITIVE
Cc1ccn(n1)-c1ccc(C(=O)N2CCC(F)(F)\C(=C/C(=O)NCCO)c3ccccc23)c(c1)C(F)(F)F	chembl_20507	POSITIVE
Cc1ccn(n1)-c1ccc(C(=O)N2CCC(F)(F)\C(=C/C(=O)NCc3cccc(C)n3)c3ccccc23)c(Cl)c1	chembl_20875	POSITIVE
Cc1ccn(n1)-c1ccc(C(=O)N2CCC(F)(F)\C(=C/C(=O)NCc3cccc(N)n3)c3ccccc23)c(Cl)c1	chembl_21343	POSITIVE
Cc1ccn(n1)-c1ccc(C(=O)N2CCC(F)(F)\C(=C/C(=O)NCc3cccc(n3)C#N)c3ccccc23)c(Cl)c1	chembl_20744	POSITIVE
Cc1ccn(n1)-c1ccc(C(=O)N2CCC(F)(F)\C(=C/C(=O)NCc3ccccc3)c3ccccc23)c(Cl)c1	chembl_21002	POSITIVE
Cc1ccn(n1)-c1ccc(C(=O)N2CCC(F)(F)\C(=C/C(=O)NCc3ccccn3)c3ccccc23)c(Cl)c1	chembl_21057	POSITIVE
Cc1ccn(n1)-c1ccc(C(=O)N2CCC(F)(F)\C(=C/C(=O)NCc3cccnc3)c3ccccc23)c(Cl)c1	chembl_21411	POSITIVE
Cc1ccn(n1)-c1ccc(C(=O)N2CCC(F)(F)\C(=C/C(=O)NCc3cccnn3)c3ccccc23)c(Cl)c1	chembl_20837	POSITIVE
Cc1ccn(n1)-c1ccc(C(=O)N2CCC(F)(F)\C(=C/C(=O)NCc3ccco3)c3ccccc23)c(Cl)c1	chembl_20511	POSITIVE
Cc1ccn(n1)-c1ccc(C(=O)N2CCC(F)(F)\C(=C/C(=O)NCc3ccncc3)c3ccccc23)c(Cl)c1	chembl_20566	POSITIVE
Cc1ccn(n1)-c1ccc(C(=O)N2CCC(F)(F)\C(=C/C(=O)NCc3ccncn3)c3ccccc23)c(Cl)c1	chembl_21098	POSITIVE
Cc1ccn(n1)-c1ccc(C(=O)N2CCC(F)(F)\C(=C/C(=O)NCc3cnccn3)c3ccccc23)c(Cl)c1	chembl_20573	POSITIVE
Cc1ccn(n1)-c1ccc(C(=O)N2CCC(F)(F)\C(=C/C(=O)NCc3nc4ccccc4[nH]3)c3ccccc23)c(Cl)c1	chembl_20982	POSITIVE
Cc1ccn(n1)-c1ccc(C(=O)N2CCC(F)(F)\C(=C/C(=O)NCc3nc4ccccc4s3)c3ccccc23)c(Cl)c1	chembl_21452	POSITIVE
Cc1ccn(n1)-c1ccc(C(=O)N2CCC(F)(F)\C(=C/C(=O)NCc3nccs3)c3ccccc23)c(Cl)c1	chembl_21237	POSITIVE
Cc1ccn(n1)-c1ccc(C(=O)N2CCC(F)(F)\C(=C/C(N)=O)c3ccccc23)c(Cl)c1	chembl_21389	POSITIVE
Cc1ccn(n1)-c1ccc(C(=O)N2CCC(F)(F)\C(=C/C(O)=O)c3ccccc23)c(Cl)c1	chembl_20871	NEGATIVE
Cc1ccn(n1)-c1ccc(C(=O)N2Cc3cccn3Cc3ccccc23)c(Cl)c1	chembl_21158	POSITIVE
Cc1ccn(n1)-c1ccc(C(=O)N2Cc3cccnc3Nc3ccccc23)c(c1)C(F)(F)F	chembl_21401	NEGATIVE
Cc1ccn(n1)-c1ccc(C(=O)N2Cc3cnn(C)c3Nc3ccccc23)c(Cl)c1	chembl_20548	POSITIVE
Cc1ccn(n1)-c1ccc(cc1)C(=O)N1CCCC(O)c2ccccc12	chembl_20955	POSITIVE
Cc1ccn(n1)-c1ccc(cc1)C(=O)N1CCCCc2ccccc12	chembl_20471	POSITIVE
Cc1ccn(n1)-c1ccc(cc1C)C(=O)N1Cc2cnn(C)c2Nc2ccccc12	chembl_21166	POSITIVE
Cc1ccn(n1)C(=O)Nc1ccc(C(=O)N2CCCCc3ccccc23)c(Cl)c1	chembl_21424	POSITIVE
Cc1nc2CCN(C(=O)c3ccc(NC(=O)c4ccccc4-c4ccccc4)cc3)c3ccccc3-c2[nH]1	chembl_20681	POSITIVE
Cc1nnc(-c2ccc(cc2)-c2ccccc2)n1-c1c(C)cccc1OCc1ccc(cc1)C(=O)N1CCC(CC1)N1CCCCC1	chembl_20969	POSITIVE
Cc1nnc(-c2ccc(cc2)-c2ccccc2)n1-c1ccccc1	chembl_20835	POSITIVE
Cc1nnc(-c2ccc(cc2)-c2ccccc2)n1-c1ccccc1OCCC1CCNCC1	chembl_20705	POSITIVE
Cc1nnc(-c2ccc(cc2)-c2ccccc2)n1-c1ccccc1OCCCC1CCNCC1	chembl_20540	POSITIVE
Cc1nnc(-c2ccc(cc2)-c2ccccc2)n1-c1ccccc1OCCCCC1CCNCC1	chembl_20541	POSITIVE
Cc1nnc(-c2ccc(cc2)-c2ccccc2)n1-c1ccccc1OCCCCCCN1CCC(CC1)N1CCCCC1	chembl_20664	POSITIVE
Cc1nnc(-c2ccc(cc2)-c2ccccc2)n1-c1ccccc1OCCCCCCN1CCCCC1	chembl_21171	POSITIVE
Cc1nnc(-c2ccc(cc2)-c2ccccc2)n1-c1ccccc1OCCCCCCn1ccnc1	chembl_21334	POSITIVE
Cc1nnc(-c2ccc(cc2)-c2ccccc2)n1-c1ccccc1OCCN1CCOCC1	chembl_20690	POSITIVE
Cc1nnc(C2CCN(CC2)c2ccccn2)n1-c1ccc(C)cc1	chembl_20859	POSITIVE
Cc1nnc(C2CCN(CC2)c2ccccn2)n1-c1ccc(Cl)cc1	chembl_20780	POSITIVE
Cc1nnc(C2CCN(CC2)c2ccccn2)n1-c1ccc(cc1)C#N	chembl_21160	NEGATIVE
Cc1nnc(C2CCN(CC2)c2ccccn2)n1-c1ccc(cc1)C(F)(F)F	chembl_20860	POSITIVE
Cc1nnc(C2CCN(CC2)c2ccccn2)n1-c1ccccc1	chembl_20682	POSITIVE
Cc1nnc(C2CCN(CC2)c2ccccn2)n1-c1ccccc1C	chembl_20529	POSITIVE
Cc1nnc(C2CCN(CC2)c2ccccn2)n1Cc1ccc(C)cc1	chembl_20530	NEGATIVE
Cc1nnc(C2CCN(CC2)c2ccccn2)n1Cc1cccc(C)c1	chembl_20746	POSITIVE
Cc1nnc(C2CCN(CC2)c2ccccn2)n1Cc1cccc(Cl)c1	chembl_21079	POSITIVE
Cc1nnc(C2CCN(CC2)c2ccccn2)n1Cc1ccccc1	chembl_20464	POSITIVE
Cc1occc1C(=O)Nc1ccc(cc1)C(=O)N1CCC(F)(F)\C(=C/C(=O)N2CCC(CC2)N2CCCCC2)c2ccccc12	chembl_20519	POSITIVE
Clc1cc(NC(=O)c2ccccc2-c2ccccc2)ccc1C(=O)N1CC2CSCCN2Cc2ccccc12	chembl_20663	POSITIVE
Clc1cc(NC(=O)c2ccccc2-c2ccccc2)ccc1C(=O)N1CCCCc2sccc12	chembl_20956	POSITIVE
Clc1cc(NC(=O)c2ccccc2-c2ccccc2)ccc1C(=O)N1C[C@@H]2C3CCC(C3)N2Cc2ccccc12	chembl_20554	POSITIVE
Clc1cc(NC(=O)c2ccccc2-c2ccccc2)ccc1C(=O)N1C[C@@H]2COCCN2Cc2ccccc12	chembl_20630	NEGATIVE
Clc1cc(NC(=O)c2ccccc2-c2ccccc2)ccc1C(=O)N1C[C@H]2COCCN2Cc2ccccc12	chembl_20553	POSITIVE
Clc1cc(NC(=O)c2ccccc2-c2ccccc2)ccc1C(=O)N1C[C@H]2CSCCN2Cc2ccccc12	chembl_21144	NEGATIVE
Clc1cc(NC(=O)c2ccccc2-c2ccccc2)ccc1C(=O)N1Cc2cccn2Cc2ccccc12	chembl_21035	POSITIVE
Clc1cc2N(CCCCc2s1)C(=O)c1ccc(NC(=O)c2ccccc2-c2ccccc2)cc1	chembl_20940	POSITIVE
Clc1cc2OCOc2cc1COC(=O)N1CCC(CC1)n1c2ccccc2[nH]c1=O	chembl_21306	NEGATIVE
Clc1cc2OCOc2cc1COC(=O)N1CCC2(CC1)N(CNC2=O)c1ccccc1	chembl_21236	NEGATIVE
Clc1ccc(C(=O)Nc2ccc(C(=O)N3Cc4cccn4Cc4ccccc34)c(Cl)c2)c(Cl)c1	chembl_20844	POSITIVE
Clc1ccc(C(=O)Nc2ccc(cc2)C(=O)N2CCC3(CCCC=C3)Cc3ccccc23)c(Cl)c1	chembl_21215	POSITIVE
Clc1ccc(C(=O)Nc2ccc(cc2)C(=O)N2Cc3cccn3Cc3ccccc23)c(Cl)c1	chembl_20610	POSITIVE
Clc1ccc(C(=O)Nc2ccc(cc2)C(=O)N2Cc3sccc3Cc3ccccc23)c(Cl)c1	chembl_21204	POSITIVE
Clc1ccc(C[C@@H](NC(=O)C2(CC2)c2ccc(Cl)cc2)C(=O)N[C@@H]2C[C@@H]3CC[C@H](C2)N3)cc1	chembl_21476	POSITIVE
Clc1ccc(C[C@@H](NC(=O)Cc2ccc(Cl)c(Cl)c2)C(=O)N[C@@H]2C[C@@H]3CC[C@H](C2)N3)cc1	chembl_21135	POSITIVE
Clc1ccc(C[C@@H](NC(=O)Cc2ccc(Cl)cc2)C(=O)NC2CCCNCC2)cc1	chembl_20588	POSITIVE
Clc1ccc(C[C@@H](NC(=O)Cc2ccc(Cl)cc2)C(=O)NC2CCNCC2)cc1	chembl_21228	POSITIVE
Clc1ccc(C[C@@H](NC(=O)Cc2ccc(Cl)cc2)C(=O)N[C@@H]2C[C@@H]3CC[C@H](C2)N3)cc1	chembl_21149	POSITIVE
Clc1ccc(cc1)-c1nn(Cc2cncn2Cc2c(Cl)cccc2Cl)c(=O)n1CC=C	chembl_21349	POSITIVE
Clc1ccc(cc1)C(=O)N1CCCCc2ccccc12	chembl_21001	POSITIVE
Clc1ccc(cc1)N(CC(=O)N\N=C1/C(=O)Nc2ccccc12)S(=O)(=O)c1ccc(NCCN2CCOCC2)cc1	chembl_21329	POSITIVE
Clc1ccc(cc1)N(CC(=O)N\N=C1/C(=O)Nc2ccccc12)S(=O)(=O)c1ccc(OCCN2CCOCC2)cc1	chembl_20523	POSITIVE
Clc1ccc(cc1)N(CC(=O)N\N=C1/C(=O)Nc2ccccc12)S(=O)(=O)c1ccccc1	chembl_20785	POSITIVE
Clc1ccc(cc1)N(CC(=O)N\N=C1/C(=O)Nc2ccccc12)S(=O)(=O)c1cccs1	chembl_20615	POSITIVE
Clc1ccc(cc1)S(=O)(=O)N1C(CC(=O)N2CCC(CC2)NCc2cccs2)CCc2ccccc12	chembl_20597	NEGATIVE
Clc1ccc(cc1)S(=O)(=O)N1C(CCC(=O)N2CCC(CC2)NCc2cccs2)CCc2ccccc12	chembl_20902	NEGATIVE
Clc1ccc(cc1)S(=O)(=O)N1C(CCCN2CCC(CC2)NCc2cccs2)CCc2ccccc12	chembl_20462	NEGATIVE
Clc1ccc(cc1)S(=O)(=O)N1C(CCCS(=O)(=O)N2CCC(CC2)NCc2cccs2)CCc2ccccc12	chembl_21028	NEGATIVE
Clc1ccc(cc1)S(=O)(=O)N1C(CCS(=O)(=O)N2CCC(CC2)NCc2cccs2)CCc2ccccc12	chembl_20466	NEGATIVE
Clc1ccc(cc1)S(=O)(=O)N1C(COC(=O)N2CCC(CC2)NCc2cccs2)CCc2ccccc12	chembl_21518	NEGATIVE
Clc1ccc(cc1)S(=O)(=O)N1C(CS(=O)(=O)N2CCC(CC2)NCc2cccs2)CCc2ccccc12	chembl_21262	NEGATIVE
Clc1ccc(cc1C(=O)NCC12CC3CC(CC(C3)C1)C2)C(=O)N1CC2CNCC(C1)O2	chembl_21359	NEGATIVE
Clc1ccc-2c(CCCc3nnc(C4CCN(CC4)c4ccccn4)n-23)c1	chembl_21069	POSITIVE
Clc1ccc-2c(CCCc3nnc([C@H]4CC[C@@H](CC4)Oc4ccccn4)n-23)c1	chembl_20852	POSITIVE
Clc1ccc-2c(CCc3nnc(C4CCN(CC4)c4ccccn4)n-23)c1	chembl_21345	NEGATIVE
Clc1ccc-2c(CCc3nnc([C@H]4CC[C@@H](CC4)Oc4ccccn4)n-23)c1	chembl_21441	POSITIVE
Clc1ccc-2c(CNCc3nnc(C4CCN(CC4)c4ccccn4)n-23)c1	chembl_21257	POSITIVE
Clc1ccc-2c(COCc3nnc(C4CCN(CC4)c4ccccn4)n-23)c1	chembl_20463	POSITIVE
Clc1ccc-2c(c1)C1CC1c1nnc(C3CCN(CC3)c3ccccn3)n-21	chembl_20517	POSITIVE
Clc1ccc-2c(c1)C1CC1c1nnc([C@@H]3CC[C@@H](CC3)Oc3ccccn3)n-21	chembl_20576	POSITIVE
Clc1ccc2COCc3nnc(C4CCN(CC4)c4ccccn4)n3-c2c1	chembl_21427	NEGATIVE
Clc1ccc2N(CCNc2c1)C(=O)C1CCN(CC1)c1ccccn1	chembl_20915	POSITIVE
Clc1ccc2N(CCNc2c1)C(=O)N1CCC2(CC1)OCc1ccccc21	chembl_21151	POSITIVE
Clc1ccc2N(CCNc2c1)C(=O)N1CCN(CC1)c1ccccn1	chembl_21463	NEGATIVE
Clc1ccc2N(CCNc2c1)C(=O)N1CCN(CC1)c1ncccc1Cl	chembl_21425	POSITIVE
Clc1ccc2N(CCNc2c1)C(=O)N1CCN(Cc2ccccc2)CC1	chembl_20624	NEGATIVE
Clc1ccc2N(C[C@@H]3C4CCC(C4)N3Cc2c1)C(=O)c1ccc(NC(=O)c2ccccc2Cl)cc1	chembl_21393	POSITIVE
Clc1ccc2N(C[C@@H]3C4CCC(CC4)N3Cc2c1)C(=O)c1ccc(NC(=O)c2ccccc2Cl)cc1	chembl_21517	POSITIVE
Clc1ccc2c(c1)[nH]c1nnc(C3CCN(CC3)c3ccccn3)n21	chembl_21382	NEGATIVE
Clc1ccc2c(c[nH]c2c1)C(=O)N1CCC(CC1)c1ccccc1	chembl_21170	POSITIVE
Clc1ccc2c(c[nH]c2c1)C(=O)N1CCC(CC1)n1c2ccccc2[nH]c1=O	chembl_20836	POSITIVE
Clc1ccc2c(c[nH]c2c1)C(=O)N1CCC2(CC1)OC(=O)Nc1ccccc21	chembl_20757	POSITIVE
Clc1ccc2c(c[nH]c2c1)C(=O)N1CCC2(CC1)OC(=O)c1ccccc21	chembl_21516	POSITIVE
Clc1ccc2c(c[nH]c2c1)C(=O)N1CCC2(CC1)OCc1ccccc21	chembl_20603	POSITIVE
Clc1ccc2c(c[nH]c2c1)C(=O)N1CCC2(CC1)OCc1cccnc21	chembl_21421	POSITIVE
Clc1ccc2c(c[nH]c2c1)C(=O)N1CCC2(CC1)OCc1ccncc21	chembl_21385	POSITIVE
Clc1ccc2c(c[nH]c2c1)C(=O)N1CCC2(CC1)OCc1ncccc21	chembl_20719	POSITIVE
Clc1ccc2c(c[nH]c2c1)C(=O)N1CCC2(CC1)c1ccccc1CS2(=O)=O	chembl_20684	POSITIVE
Clc1ccc2c(c[nH]c2c1)C(=O)N1CCC2(CNc3ccccc23)CC1	chembl_20632	POSITIVE
Clc1ccc2c(c[nH]c2c1)C(=O)N1CCC2(COc3ccccc23)CC1	chembl_21172	POSITIVE
Clc1ccc2c(c[nH]c2c1)C(=O)N1CCN(CC1)c1ccccc1Cl	chembl_21508	POSITIVE
Clc1ccc2c(cn(C[C@@H]3CCCN3)c2c1)C(=O)N1CCC2(CC1)OCc1ccccc21	chembl_20683	POSITIVE
Clc1cccc(CNC(=O)[C@H](CCC(=O)N2CCN(CC2)C2CCCCC2)N2[C@H](\C=C\c3ccccc3)[C@H](N3[C@H](COC3=O)c3ccccc3)C2=O)c1	chembl_21045	POSITIVE
Clc1cccc(CNC(=O)[C@H](CCC(=O)N2CCN(CC2)C2CCCCC2)N2[C@H](\C=C\c3ccccc3)[C@H](N3[C@H](COC3=O)c3ccccc3)C2=O)c1Cl	chembl_21206	POSITIVE
Clc1cccc(Cl)c1C(=O)Nc1ccc(cc1)C(=O)N1CCC2(CCCC=C2)Cc2ccccc12	chembl_20556	POSITIVE
Clc1cccc(Cn2c(Cn3nccn3)nnc2C2CCN(CC2)c2ccccn2)c1	chembl_21124	POSITIVE
Clc1cccc-2c1COCc1nnc(C3CCN(CC3)c3ccccn3)n-21	chembl_21328	POSITIVE
Clc1ccccc1C(=O)Nc1ccc(cc1)C(=O)N1CCC2(CCCC=C2)Cc2ccccc12	chembl_20867	POSITIVE
Cn1cc2CCN(C(=O)c3ccc(NC(=O)c4ccc(Cl)cc4Cl)cc3)c3ccsc3-c2n1	chembl_21497	NEGATIVE
Cn1ccc(n1)-c1ccc(C(=O)N2Cc3cccnc3Nc3ccccc23)c(Cl)c1	chembl_21156	NEGATIVE
Cn1ncc2CN(C(=O)CCCCCCCN3CCN(Cc4cc(O)cc(O)c4)CC3)c3ccccc3Nc12	chembl_21194	NEGATIVE
Cn1ncc2CN(C(=O)CCCCCCN3CCN(Cc4cc(O)cc(O)c4)CC3)c3ccccc3Nc12	chembl_21398	POSITIVE
Cn1ncc2CN(C(=O)CCCCCN3CCN(Cc4cc(O)cc(O)c4)CC3)c3ccccc3Nc12	chembl_20730	POSITIVE
Cn1ncc2CN(C(=O)CCCCN3CCN(Cc4cc(O)cc(O)c4)CC3)c3ccccc3Nc12	chembl_21396	POSITIVE
Cn1ncc2CN(C(=O)CCc3ccc(cc3)N3CCN(Cc4cc(O)cc(O)c4)CC3)c3ccccc3Nc12	chembl_21042	NEGATIVE
Cn1ncc2CN(C(=O)CCc3cccc(c3)N3CCN(Cc4cc(O)cc(O)c4)CC3)c3ccccc3Nc12	chembl_20549	POSITIVE
Cn1ncc2CN(C(=O)CCc3ccccc3N3CCN(Cc4cc(O)cc(O)c4)CC3)c3ccccc3Nc12	chembl_21399	POSITIVE
Cn1ncc2CN(C(=O)Cc3ccc(cc3)N3CCN(Cc4cc(O)cc(O)c4)CC3)c3ccccc3Nc12	chembl_20622	POSITIVE
Cn1ncc2CN(C(=O)Cc3cccc(c3)N3CCN(Cc4cc(O)cc(O)c4)CC3)c3ccccc3Nc12	chembl_21514	POSITIVE
Cn1ncc2CN(C(=O)Cc3ccccc3N3CCN(Cc4cc(O)cc(O)c4)CC3)c3ccccc3Nc12	chembl_21192	NEGATIVE
FC(F)(F)CCn1c(nn(Cc2nnc(Cc3c(Cl)cccc3Cl)[nH]2)c1=O)-c1ccc(Cl)cc1	chembl_21134	POSITIVE
FC(F)(F)c1cc(=O)n(CC(=O)NCc2cc3cc(ccc3o2)C(=O)N2CCC(CC2)N2C(=O)OCc3ccccc23)cn1	chembl_21249	NEGATIVE
FC(F)(F)c1cc(CNC(=O)[C@H](CCC(=O)N2CCN(CC2)C2CCCCC2)N2[C@H](\C=C\c3ccccc3)[C@H](N3[C@H](COC3=O)c3ccccc3)C2=O)cc(c1)C(F)(F)F	chembl_20591	POSITIVE
FC(F)(F)c1ccc(=O)n(CC(=O)NCc2cc3cc(ccc3o2)C(=O)N2CCC(CC2)N2C(=O)OCc3ccccc23)c1	chembl_20845	NEGATIVE
FC(F)(F)c1cccc(CNC(=O)C(N2[C@H](\C=C\c3ccccc3)[C@H](N3[C@H](COC3=O)c3ccccc3)C2=O)C(=O)N2CCC(CC2)N2CCCCC2)c1	chembl_20562	POSITIVE
FC(F)(F)c1cccc(CNC(=O)C(N2[C@H](\C=C\c3ccccc3)[C@H](N3[C@H](COC3=O)c3ccccc3)C2=O)C(=O)N2CCC(CCN3CCCCC3)CC2)c1	chembl_20669	POSITIVE
FC(F)(F)c1cccc(CNC(=O)C(N2[C@H](\C=C\c3ccccc3)[C@H](N3[C@H](COC3=O)c3ccccc3)C2=O)C(=O)N2CCN(CC2)C2CCCCC2)c1	chembl_21407	POSITIVE
FC(F)(F)c1cccc(CNC(=O)C[C@H](N2[C@H](\C=C\c3ccccc3)[C@H](N3[C@H](COC3=O)c3ccccc3)C2=O)C(=O)N2CCN(CCc3ccccc3)CC2)c1	chembl_20803	NEGATIVE
FC(F)(F)c1cccc(CNC(=O)[C@@H](CC(=O)N2CCC(CC2)N2CCCCC2)N2[C@H](\C=C\c3ccccc3)[C@H](N3[C@H](COC3=O)c3ccccc3)C2=O)c1	chembl_21256	POSITIVE
FC(F)(F)c1cccc(CNC(=O)[C@@H](CC(=O)N2CCC(CCN3CCCCC3)CC2)N2[C@H](\C=C\c3ccccc3)[C@H](N3[C@H](COC3=O)c3ccccc3)C2=O)c1	chembl_20980	POSITIVE
FC(F)(F)c1cccc(CNC(=O)[C@@H](CC(=O)N2CCC(CN3CCCCC3)CC2)N2[C@H](\C=C\c3ccccc3)[C@H](N3[C@H](COC3=O)c3ccccc3)C2=O)c1	chembl_21163	POSITIVE
FC(F)(F)c1cccc(CNC(=O)[C@@H](CC(=O)N2CCN(CC2)N2CCCC2)N2[C@H](\C=C\c3ccccc3)[C@H](N3[C@H](COC3=O)c3ccccc3)C2=O)c1	chembl_20474	POSITIVE
FC(F)(F)c1cccc(CNC(=O)[C@@H](CCC(=O)N2CCC(CC2)N2CCCCC2)N2[C@H](\C=C\c3ccccc3)[C@H](N3[C@H](COC3=O)c3ccccc3)C2=O)c1	chembl_21409	POSITIVE
FC(F)(F)c1cccc(CNC(=O)[C@@H](CCC(=O)N2CCN(CC2)C2CCCCC2)N2[C@H](\C=C\c3ccccc3)[C@H](N3[C@H](COC3=O)c3ccccc3)C2=O)c1	chembl_21408	POSITIVE
FC(F)(F)c1cccc(CNC(=O)[C@@H](CCC(=O)N2CCN(CCc3ccccc3)CC2)N2[C@H](\C=C\c3ccccc3)[C@H](N3[C@H](COC3=O)c3ccccc3)C2=O)c1	chembl_20579	POSITIVE
FC(F)(F)c1cccc(CNC(=O)[C@H](CC(=O)N2CCC(CC2)N2CCCCC2)N2[C@H](\C=C\c3ccccc3)[C@H](N3[C@H](COC3=O)c3ccccc3)C2=O)c1	chembl_21453	POSITIVE
FC(F)(F)c1cccc(CNC(=O)[C@H](CC(=O)N2CCC(CCN3CCCCC3)CC2)N2[C@H](\C=C\c3ccccc3)[C@H](N3[C@H](COC3=O)c3ccccc3)C2=O)c1	chembl_20886	POSITIVE
FC(F)(F)c1cccc(CNC(=O)[C@H](CC(=O)N2CCCN(Cc3ccccc3)CC2)N2[C@H](\C=C\c3ccccc3)[C@H](N3[C@H](COC3=O)c3ccccc3)C2=O)c1	chembl_20739	POSITIVE
FC(F)(F)c1cccc(CNC(=O)[C@H](CC(=O)N2CCN(CC2)C2CCCCC2)N2[C@H](\C=C\c3ccccc3)[C@H](N3[C@H](COC3=O)c3ccccc3)C2=O)c1	chembl_20560	POSITIVE
FC(F)(F)c1cccc(CNC(=O)[C@H](CC(=O)N2CCN(CC2)N2CCCC2)N2[C@H](\C=C\c3ccccc3)[C@H](N3[C@H](COC3=O)c3ccccc3)C2=O)c1	chembl_20936	POSITIVE
FC(F)(F)c1cccc(CNC(=O)[C@H](CCC(=O)N2CCC(CC2)N2CCCCC2)N2[C@H](\C=C\c3ccccc3)[C@H](N3[C@H](COC3=O)c3ccccc3)C2=O)c1	chembl_21454	POSITIVE
FC(F)(F)c1cccc(CNC(=O)[C@H](CCC(=O)N2CCC(CCN3CCCCC3)CC2)N2[C@H](\C=C\c3ccccc3)[C@H](N3[C@H](COC3=O)c3ccccc3)C2=O)c1	chembl_21324	POSITIVE
FC(F)(F)c1cccc(CNC(=O)[C@H](CCC(=O)N2CCC(CN3CCCCC3)CC2)N2[C@H](\C=C\c3ccccc3)[C@H](N3[C@H](COC3=O)c3ccccc3)C2=O)c1	chembl_21044	POSITIVE
FC(F)(F)c1cccc(CNC(=O)[C@H](CCC(=O)N2CCN(CC2)C2CCCCC2)N2[C@H](\C=C\c3ccccc3)[C@H](N3[C@H](COC3=O)c3ccccc3)C2=O)c1	chembl_21201	POSITIVE
FC(F)(F)c1cccc(CNC(=O)[C@H](CCC(=O)N2CCN(CC3CCCCC3)CC2)N2[C@H](\C=C\c3ccccc3)[C@H](N3[C@H](COC3=O)c3ccccc3)C2=O)c1	chembl_21388	POSITIVE
FC(F)(F)c1cccc(CNC(=O)[C@H](CCC(=O)N2CCN(CCc3ccccc3)CC2)N2[C@H](\C=C\c3ccccc3)[C@H](N3[C@H](COC3=O)c3ccccc3)C2=O)c1	chembl_21058	POSITIVE
FC(F)(F)c1cccc(CNC(=O)[C@H](CCC(=O)NCCN2CCCCC2)N2[C@H](\C=C\c3ccccc3)[C@H](N3[C@H](COC3=O)c3ccccc3)C2=O)c1	chembl_21364	POSITIVE
FC(F)(F)c1cccc(Cc2cnc(Cn3nc(-c4ccc(Cl)cc4)n(C4CC4)c3=O)[nH]2)c1	chembl_20986	NEGATIVE
FC(F)(F)c1cccc(Cc2cnc(Cn3nc(-c4ccc(Cl)cc4)n(C4CC4)c3=O)s2)c1	chembl_21219	NEGATIVE
FC(F)(F)c1ccccc1-c1ccc(cn1)C(=O)N(CC1CC1)CC1CCCO1	chembl_20873	NEGATIVE
FC(F)(F)c1ccccc1-c1ccc(cn1)C(=O)N(CC1CCCO1)Cc1ccccc1	chembl_20637	POSITIVE
FC(F)(F)c1ccccc1C(=O)Nc1ccc(cc1)C(=O)N1C[C@@H]2C3CCC(C3)N2Cc2cc(Cl)ccc12	chembl_20957	POSITIVE
FC(F)(F)c1ccccc1CNC(=O)[C@H](CCC(=O)N1CCN(CC1)C1CCCCC1)N1[C@H](\C=C\c2ccccc2)[C@H](N2[C@H](COC2=O)c2ccccc2)C1=O	chembl_20479	POSITIVE
FC(F)(F)c1cccnc1-c1ccc(cc1)C(=O)N(CC1CC1)CC1CCCO1	chembl_20975	NEGATIVE
FC(F)(F)c1cccnc1-c1ccc(cc1)C(=O)N(CC1CCCO1)Cc1ccccc1	chembl_21209	POSITIVE
FC(F)CC1CCN(C(=O)c2ccc(NC(=O)c3ccccc3-c3ccccc3)cc2)c2ccccc2S1	chembl_21403	POSITIVE
FCCC1CCN(C(=O)c2ccc(NC(=O)c3ccccc3-c3ccccc3)cc2)c2ccccc2S1	chembl_20675	POSITIVE
FCCOc1cc(OC2CCNCC2)ccc1CC(=O)N1CCC(CC1)N1C(=O)CCc2ccccc12	chembl_11604	NEGATIVE
Fc1c(CNC(=O)[C@H](CC(=O)N2CCC(CC2)N2CCCCC2)N2[C@H](\C=C\c3ccccc3)[C@H](N3[C@H](COC3=O)c3ccccc3)C2=O)cccc1C(F)(F)F	chembl_20885	POSITIVE
Fc1c(CNC(=O)[C@H](CCC(=O)N2CCN(CC2)C2CCCCC2)N2[C@H](\C=C\c3ccccc3)[C@H](N3[C@H](COC3=O)c3ccccc3)C2=O)cccc1C(F)(F)F	chembl_21368	POSITIVE
Fc1c(cccc1C(F)(F)F)C(=O)Nc1ccc(C(=O)N2Cc3cccn3Cc3ccccc23)c(Cl)c1	chembl_21235	NEGATIVE
Fc1cc(CNC(=O)[C@H](CCC(=O)N2CCN(CC2)C2CCCCC2)N2[C@H](\C=C\c3ccccc3)[C@H](N3[C@H](COC3=O)c3ccccc3)C2=O)cc(c1)C(F)(F)F	chembl_21322	POSITIVE
Fc1cc(F)cc(CNC(=O)[C@H](CCC(=O)N2CCN(CC2)C2CCCCC2)N2[C@H](\C=C\c3ccccc3)[C@H](N3[C@H](COC3=O)c3ccccc3)C2=O)c1	chembl_21103	POSITIVE
Fc1cc(F)cc(c1)-c1ccc(cc1)C(=O)N1Cc2cccn2Cc2ccccc12	chembl_20572	POSITIVE
Fc1ccc(-c2ccccc2)c(c1)C(=O)Nc1ccc(C(=O)N2CC3CSCCN3Cc3ccccc23)c(Cl)c1	chembl_21091	NEGATIVE
Fc1ccc(-c2ccccc2)c(c1)C(=O)Nc1ccc(C(=O)N2C[C@H]3COCCN3Cc3ccccc23)c(Cl)c1	chembl_20501	NEGATIVE
Fc1ccc(C(=O)Nc2ccc(C(=O)N3CC4CSCCN4Cc4ccccc34)c(Cl)c2)c(c1)-c1ccccc1	chembl_20467	POSITIVE
Fc1ccc(C(=O)Nc2ccc(C(=O)N3C[C@H]4COCCN4Cc4ccccc34)c(Cl)c2)c(c1)-c1ccccc1	chembl_21020	POSITIVE
Fc1ccc(C(=O)Nc2ccc(C(=O)N3Cc4cccn4Cc4ccccc34)c(Cl)c2)c(Cl)c1	chembl_20883	POSITIVE
Fc1ccc(C(=O)Nc2ccc(cc2)C(=O)N2Cc3cccn3Cc3ccccc23)c(Cl)c1	chembl_20795	POSITIVE
Fc1ccc(cc1)C(CCCN1CCC(CC1)NC(=O)OCCc1ccc(cc1)C#N)c1ccc(F)cc1	chembl_20613	NEGATIVE
Fc1ccc(cc1CNC(=O)[C@H](CCC(=O)N1CCN(CC1)C1CCCCC1)N1[C@H](\C=C\c2ccccc2)[C@H](N2[C@H](COC2=O)c2ccccc2)C1=O)C(F)(F)F	chembl_21287	POSITIVE
Fc1ccccc1C(=O)Nc1ccc(cc1)C(=O)N1CCC2(CCC(=C2)C(=O)NCCN2CCCC2)Cc2ccccc12	chembl_21475	POSITIVE
Fc1ccccc1C(=O)Nc1ccc(cc1)C(=O)N1CCC2(CCC(=C2)C(=O)NCCN2CCCCC2)Cc2ccccc12	chembl_21285	POSITIVE
Fc1ccccc1C(=O)Nc1ccc(cc1)C(=O)N1CCC2(CCC(=C2)C(=O)NCCN2CCOCC2)Cc2ccccc12	chembl_21246	POSITIVE
Fc1ccccc1C(=O)Nc1ccc(cc1)C(=O)N1CCC2(CCCC=C2)Cc2ccccc12	chembl_21282	POSITIVE
Fc1ccccc1C(=O)Nc1ccc(cc1)C(=O)N1C[C@@H]2C3CCC(C3)N2Cc2cc(Cl)ccc12	chembl_20762	POSITIVE
Fc1ccccc1Cn1c(nn(Cc2nnc(Cc3ccccc3C(F)(F)F)[nH]2)c1=O)-c1ccc(Cl)s1	chembl_20648	POSITIVE
Ic1ccc(cc1)C(=O)N1CCCCc2ccccc12	chembl_21426	POSITIVE
NC(=O)CC[C@@H]1NC(=O)[C@H](Cc2ccccc2)NC(=O)[C@H](Cc2ccc(O)cc2)NC(=O)CCSSC[C@H](NC(=O)[C@H](CC(N)=O)NC1=O)C(=O)N1CCC[C@H]1C(=O)N[C@@H](CCCNC(N)=N)C(=O)NCC(N)=O	chembl_20781	POSITIVE
NC(=O)CC[C@@H]1NC(=O)[C@H](Cc2ccccc2)NC(=O)[C@H](Cc2ccc(O)cc2)NC(=O)CCSSC[C@H](NC(=O)[C@H](CC(N)=O)NC1=O)C(=O)N1CCC[C@H]1C(=O)N[C@H](CCCNC(N)=N)C(=O)NCC(N)=O	chembl_20747	POSITIVE
NC(=O)CC[C@H](NC(=O)[C@H](Cc1ccccc1)NC(=O)[C@@H](Cc1ccc(cc1)C(=O)c1ccccc1)NC(=O)Cc1ccccc1)C(=O)N[C@@H](CC(N)=O)C(=O)N[C@@H](CCCNC(N)=N)C(=O)N1CCC[C@@H]1C(=O)N[C@@H](CCCNC(N)=N)C(=O)N[C@@H](Cc1ccc(O)c(I)c1)C(N)=O	chembl_20472	POSITIVE
NC(=O)CC[C@H](NC(=O)[C@H](Cc1ccccc1)NC(=O)[C@H](Cc1ccc(cc1)C(=O)c1ccccc1)NC(=O)Cc1ccccc1)C(=O)N[C@@H](CC(N)=O)C(=O)N[C@@H](CCCNC(N)=N)C(=O)N1CCC[C@@H]1C(=O)N[C@@H](CCCNC(N)=N)C(=O)N[C@@H](Cc1ccc(O)c(I)c1)C(N)=O	chembl_21012	POSITIVE
NC(=O)CNC(=O)[C@H](CCCNC(N)=N)NC(=O)[C@@H]1CCCN1C(=O)[C@@H]1CSSCCC(=O)N[C@@H](Cc2ccc(O)cc2)C(=O)N[C@@H](Cc2ccccc2)C(=O)N[C@@H](CC(N)=O)C(=O)N[C@@H](CC(N)=O)C(=O)N1	chembl_21239	POSITIVE
NC(=O)CNC(=O)[C@H](CCCNC(N)=N)NC(=O)[C@@H]1CCCN1C(=O)[C@@H]1CSSCCC(=O)N[C@@H](Cc2ccc(O)cc2)C(=O)N[C@@H](Cc2ccccc2)C(=O)N[C@@H](CC2CCCCC2)C(=O)N[C@@H](CC(N)=O)C(=O)N1	chembl_20994	POSITIVE
NC(=O)CNC(=O)[C@H](CCCNC(N)=N)NC(=O)[C@@H]1CCCN1C(=O)[C@@H]1CSSCCC(=O)N[C@@H](Cc2ccc(O)cc2)C(=O)N[C@@H](Cc2ccccc2)C(=O)N[C@@H](CCC(O)=O)C(=O)N[C@@H](CC(N)=O)C(=O)N1	chembl_21292	POSITIVE
NC(=O)CNC(=O)[C@H](CCCNC(N)=N)NC(=O)[C@@H]1CCCN1C(=O)[C@@H]1CSSCCC(=O)N[C@@H](Cc2ccc(O)cc2)C(=O)N[C@@H](Cc2ccccc2)C(=O)N[C@@H](CCCCNC(N)=N)C(=O)N[C@@H](CC(N)=O)C(=O)N1	chembl_21346	POSITIVE
NC(=O)CNC(=O)[C@H](CCCNC(N)=N)NC(=O)[C@@H]1CCCN1C(=O)[C@@H]1CSSCCC(=O)N[C@@H](Cc2ccc(O)cc2)C(=O)N[C@@H](Cc2ccccc2)C(=O)N[C@@H](CCCNC(N)=N)C(=O)N[C@@H](CC(N)=O)C(=O)N1	chembl_21436	POSITIVE
NC(=O)CNC(=O)[C@H](CCCNC(N)=N)NC(=O)[C@@H]1CCCN1C(=O)[C@@H]1CSSCCC(=O)N[C@@H](Cc2ccc(O)cc2)C(=O)N[C@@H](Cc2ccccc2)C(=O)N[C@@H](CO)C(=O)N[C@@H](CC(N)=O)C(=O)N1	chembl_21129	POSITIVE
NC(=O)CNC(=O)[C@H](CCCNC(N)=N)NC(=O)[C@@H]1CCCN1C(=O)[C@@H]1CSSCCC(=O)N[C@@H](Cc2ccc(O)cc2)C(=O)N[C@@H](Cc2ccccc2)C(=O)N[C@@H](Cc2c[nH]c3ccccc23)C(=O)N[C@@H](CC(N)=O)C(=O)N1	chembl_21457	POSITIVE
NC(=O)CNC(=O)[C@H](CCCNC(N)=N)NC(=O)[C@@H]1CCCN1C(=O)[C@@H]1CSSCCC(=O)N[C@@H](Cc2ccc(O)cc2)C(=O)N[C@@H](Cc2ccccc2)C(=O)N[C@@H](Cc2ccc(O)cc2)C(=O)N[C@@H](CC(N)=O)C(=O)N1	chembl_20685	POSITIVE
NC(=O)CNC(=O)[C@H](CCCNC(N)=N)NC(=O)[C@@H]1CCCN1C(=O)[C@@H]1CSSCCC(=O)N[C@@H](Cc2ccc(O)cc2)C(=O)N[C@@H](Cc2ccccc2)C(=O)N[C@@H](Cc2ccccc2)C(=O)N[C@@H](CC(N)=O)C(=O)N1	chembl_21000	POSITIVE
NC(=O)CNC(=O)[C@H](CCCNC(N)=N)NC(=O)[C@@H]1CCCN1C(=O)[C@@H]1CSSCCC(=O)N[C@@H](Cc2ccc(O)cc2)C(=O)N[C@@H](Cc2ccccc2)C(=O)N[C@@H](Cc2cccs2)C(=O)N[C@@H](CC(N)=O)C(=O)N1	chembl_21180	POSITIVE
NC(=O)CNC(=O)[C@H](CCCNC(N)=N)NC(=O)[C@H]1CCCN1C(=O)[C@H]1CSSCCC(=O)N[C@@H](Cc2ccc(O)cc2)C(=O)N[C@H](Cc2ccccc2)C(=O)NCC(=O)N[C@H](CC(N)=O)C(=O)N1	chembl_20798	POSITIVE
NC(=O)Cn1nc(Cn2nc(-c3ccc(Cl)cc3)n(C[C@H](O)C(F)(F)F)c2=O)nc1-c1ccccc1Cl	chembl_20882	POSITIVE
NC(=O)NC(CNC(=O)Cn1nc(-c2ccc(Cl)cc2)n(C[C@H](O)C(F)(F)F)c1=O)c1ccccc1Cl	chembl_21007	POSITIVE
NC(=O)OC(CNC(=O)Cn1nc(-c2ccc(Cl)cc2)n(CCC(F)(F)F)c1=O)c1ccccc1Cl	chembl_21331	POSITIVE
NC(=O)OC(CNC(=O)Cn1nc(-c2ccc(Cl)cc2)n(C[C@H](O)C(F)(F)F)c1=O)c1cccc(Cl)c1Cl	chembl_20498	POSITIVE
NC(=O)OC(CNC(=O)Cn1nc(-c2ccc(Cl)cc2)n(C[C@H](O)C(F)(F)F)c1=O)c1ccccc1C(F)(F)F	chembl_20697	POSITIVE
NC(=O)OC(CNC(=O)Cn1nc(-c2ccc(Cl)cc2)n(C[C@H](O)C(F)(F)F)c1=O)c1ccccc1Cl	chembl_21088	POSITIVE
NC(=O)OC(CNC(=O)Cn1nc(-c2ccc(Cl)cc2)n(Cc2ccccc2F)c1=O)c1ccccc1Cl	chembl_21006	POSITIVE
NC(=O)OCC(CNC(=O)Cn1nc(-c2ccc(Cl)cc2)n(C[C@H](O)C(F)(F)F)c1=O)c1cccc(c1)C(F)(F)F	chembl_21114	POSITIVE
NC(=O)OCC(CNC(=O)Cn1nc(-c2ccc(Cl)cc2)n(C[C@H](O)C(F)(F)F)c1=O)c1ccccc1C(F)(F)F	chembl_21506	POSITIVE
NC(=O)OCC(CNC(=O)Cn1nc(-c2ccc(Cl)cc2)n(C[C@H](O)C(F)(F)F)c1=O)c1ccccc1Cl	chembl_21070	POSITIVE
NC(=O)c1ccc(cc1Cn1nc(-c2ccc(Cl)cc2)n(CC(O)C(F)(F)F)c1=O)-c1ccccc1Cl	chembl_21213	POSITIVE
NC1CC[N+](Cc2ccccc2)(CC1)C(=O)C(N1[C@H](\C=C\c2ccccc2)[C@H](N2[C@H](COC2=O)c2ccccc2)C1=O)C(=O)NCc1cccc(c1)C(F)(F)F	chembl_20592	POSITIVE
NC1CC[N+](Cc2ccccc2)(CC1)C(=O)C[C@@H](N1[C@H](\C=C\c2ccccc2)[C@H](N2[C@H](COC2=O)c2ccccc2)C1=O)C(=O)NCc1cccc(c1)C(F)(F)F	chembl_20558	POSITIVE
NC1CC[N+](Cc2ccccc2)(CC1)C(=O)C[C@H](N1[C@H](\C=C\c2ccccc2)[C@H](N2[C@H](COC2=O)c2ccccc2)C1=O)C(=O)NCc1cccc(c1)C(F)(F)F	chembl_20504	POSITIVE
NCCC1CCCCN1C(=O)C(N1[C@H](\C=C\c2ccccc2)[C@H](N2[C@H](COC2=O)c2ccccc2)C1=O)C(=O)NCc1cccc(c1)C(F)(F)F	chembl_20887	POSITIVE
NCCCC[C@@H]1NC(=O)[C@H](Cc2ccccc2)NC(=O)[C@H](Cc2ccc(O)cc2)NC(=O)CCSSC[C@H](NC(=O)[C@H](CC(N)=O)NC1=O)C(=O)N1CCC[C@H]1C(=O)N[C@@H](CCCNC(N)=N)C(=O)NCC(N)=O	chembl_20473	POSITIVE
NCCC[C@@H]1NC(=O)[C@H](Cc2ccccc2)NC(=O)[C@H](Cc2ccc(O)cc2)NC(=O)CCSSC[C@H](NC(=O)[C@H](CC(N)=O)NC1=O)C(=O)N1CCC[C@H]1C(=O)N[C@@H](CCCNC(N)=N)C(=O)NCC(N)=O	chembl_20760	POSITIVE
NCC[C@@H]1NC(=O)[C@H](Cc2ccccc2)NC(=O)[C@H](Cc2ccc(O)cc2)NC(=O)CCSSC[C@H](NC(=O)[C@H](CC(N)=O)NC1=O)C(=O)N1CCC[C@H]1C(=O)N[C@@H](CCCNC(N)=N)C(=O)NCC(N)=O	chembl_20797	POSITIVE
NC[C@@H]1NC(=O)[C@H](Cc2ccccc2)NC(=O)[C@H](Cc2ccc(O)cc2)NC(=O)CCSSC[C@H](NC(=O)[C@H](CC(N)=O)NC1=O)C(=O)N1CCC[C@H]1C(=O)N[C@@H](CCCNC(N)=N)C(=O)NCC(N)=O	chembl_21130	POSITIVE
N[C@@H](Cc1ccc(cc1)C(=O)c1ccccc1)C(=O)N[C@@H](Cc1ccccc1)C(=O)N[C@@H](CCC(N)=O)C(=O)N[C@@H](CC(N)=O)C(=O)N[C@@H](CCCNC(N)=N)C(=O)N1CCC[C@@H]1C(=O)N[C@@H](CCCNC(N)=N)C(=O)N[C@@H](Cc1ccc(O)c(I)c1)C(N)=O	chembl_20583	POSITIVE
N[C@H](Cc1ccc(cc1)C(=O)c1ccccc1)C(=O)N[C@@H](Cc1ccccc1)C(=O)N[C@@H](CCC(N)=O)C(=O)N[C@@H](CC(N)=O)C(=O)N[C@@H](CCCNC(N)=N)C(=O)N1CCC[C@@H]1C(=O)N[C@@H](CCCNC(N)=N)C(=O)N[C@@H](Cc1ccc(O)c(I)c1)C(N)=O	chembl_20764	POSITIVE
N[C@H]1CC[N+](Cc2ccccc2)(C1)C(=O)C[C@H](N1[C@H](\C=C\c2ccccc2)[C@H](N2[C@H](COC2=O)c2ccccc2)C1=O)C(=O)NCc1cccc(c1)C(F)(F)F	chembl_20477	POSITIVE
N[C@H]1CSSC[C@H](NC(=O)[C@H](CC(N)=O)NC(=O)[C@H](CCC(N)=O)NC(=O)[C@H](Cc2ccccc2)NC(=O)[C@H](Cc2ccc(O)cc2)NC1=O)C(=O)N1CCC[C@H]1C(=O)N[C@@H](CCCNC(N)=N)C(=O)NCC(N)=O	chembl_21500	POSITIVE
N[C@H]1CSSC[C@H](NC(=O)[C@H](CC(N)=O)NC(=O)[C@H](CCC(N)=O)NC(=O)[C@H](Cc2ccccc2)NC(=O)[C@H](Cc2ccc(O)cc2)NC1=O)C(=O)N1CCC[C@H]1C(=O)N[C@H](CCCNC(N)=N)C(=O)NCC(N)=O	chembl_21279	POSITIVE
N[C@H]1C[Se]C[C@H](NC(=O)[C@H](CC(N)=O)NC(=O)[C@H](CCC(N)=O)NC(=O)[C@H](Cc2ccccc2)NC(=O)[C@H](Cc2ccc(O)cc2)NC1=O)C(=O)N1CCC[C@H]1C(=O)N[C@H](CCCNC(N)=N)C(=O)NCC(N)=O	chembl_21437	NEGATIVE
N[C@H]1C[Se][Se]C[C@H](NC(=O)[C@H](CC(N)=O)NC(=O)[C@H](CCC(N)=O)NC(=O)[C@H](Cc2ccccc2)NC(=O)[C@H](Cc2ccc(O)cc2)NC1=O)C(=O)N1CCC[C@H]1C(=O)N[C@H](CCCNC(N)=N)C(=O)NCC(N)=O	chembl_20830	POSITIVE
Nc1ccc(cc1)C(=O)N1CCCCc2ccccc12	chembl_20951	POSITIVE
Nc1ccc(cc1)C(=O)Nc1ccc(cc1)C(=O)N1CCC2(CCCC=C2)Cc2ccccc12	chembl_21082	POSITIVE
Nc1nc(N2CCNCC2)c2CCC3=C([C@@H]4CCCC[C@@H]4O3)c2n1	chembl_21446	POSITIVE
O=C(CN1[C@H](\C=C\c2ccccc2)[C@H](N2[C@H](COC2=O)c2ccccc2)C1=O)OCc1ccccc1	chembl_20804	POSITIVE
O=C(N(CC1CC1)CC1CCCO1)c1ccc(cc1)-c1ccccc1C#N	chembl_20616	NEGATIVE
O=C(N(CC1CC1)CC1CCCO1)c1ccc(nc1)-c1ccccc1	chembl_20456	NEGATIVE
O=C(N(CC1CCCO1)Cc1ccccc1)c1ccc(cc1)-c1ccccc1C#N	chembl_21416	POSITIVE
O=C(N(CC1CCCO1)Cc1ccccc1)c1ccc(nc1)-c1ccccc1	chembl_20786	POSITIVE
O=C(N1CCC2(CC1)OCc1ccccc21)c1c[nH]c2ccccc12	chembl_21121	POSITIVE
O=C(N1CCCCc2ccccc12)c1ccc(cc1)-c1ccccc1	chembl_21179	POSITIVE
O=C(N1CCCCc2ccccc12)c1ccc(cc1)-c1cccnc1	chembl_21332	POSITIVE
O=C(N1CCCCc2ccccc12)c1ccc(cc1)-c1ncccn1	chembl_20689	POSITIVE
O=C(N1Cc2cccn2Cc2ccccc12)c1ccc(cc1)-c1ccccc1	chembl_20823	POSITIVE
O=C(N1Cc2cccn2Cc2ccccc12)c1ccc(cc1)-c1ccccc1N(=O)=O	chembl_21185	POSITIVE
O=C(N1Cc2cccn2Cc2ccccc12)c1ccc(cc1)-c1cccs1	chembl_21379	POSITIVE
O=C(Nc1ccc(cc1)C(=O)N1CC2CS(=O)(=O)CCN2Cc2ccccc12)c1ccccc1-c1ccccc1	chembl_20532	NEGATIVE
O=C(Nc1ccc(cc1)C(=O)N1CC2CSCCN2Cc2ccccc12)c1ccccc1-c1ccccc1	chembl_20714	POSITIVE
O=C(Nc1ccc(cc1)C(=O)N1CCC2(CCCC=C2)Cc2ccccc12)c1ccccc1	chembl_21216	POSITIVE
O=C(Nc1ccc(cc1)C(=O)N1CCC2(CCCC=C2)Cc2ccccc12)c1ccccc1-c1ccccc1	chembl_20654	POSITIVE
O=C(Nc1ccc(cc1)C(=O)N1CCCCc2ccccc12)c1ccccc1-c1ccccc1	chembl_21430	POSITIVE
O=C(Nc1ccc(cc1)C(=O)N1CCCc2c[nH]c3cccc1c23)c1ccccc1-c1ccccc1	chembl_21435	NEGATIVE
O=C(Nc1ccc(cc1)C(=O)N1C[C@@H]2CSCCN2Cc2ccccc12)c1ccccc1-c1ccccc1	chembl_21090	POSITIVE
O=C(Nc1ccc(cc1)C(=O)N1C[C@H]2CSCCN2Cc2ccccc12)c1ccccc1-c1ccccc1	chembl_20662	POSITIVE
O=C(OC1CCc2ccccc12)N1CCC2(CC1)N(CNC2=O)c1ccccc1	chembl_21038	NEGATIVE
O=C(OCc1ccc2OCOc2c1)N1CCC2(CC1)N(CNC2=O)c1ccccc1	chembl_20953	NEGATIVE
O=C(OCc1ccccc1)C(N1[C@H](\C=C\c2ccccc2)[C@H](N2[C@H](COC2=O)c2ccccc2)C1=O)C(=O)c1ccccc1	chembl_20968	POSITIVE
OC(=O)C1=CC2(CC1)CCN(C(=O)c1ccc(NC(=O)c3cc(F)ccc3Cl)cc1)c1ccccc1C2	chembl_20509	POSITIVE
OC(=O)C1=CC2(CC1)CCN(C(=O)c1ccc(NC(=O)c3ccccc3-c3ccccc3)cc1)c1ccccc1C2	chembl_21061	POSITIVE
OC(=O)C1=CC2(CC1)CCN(C(=O)c1ccc(NC(=O)c3ccccc3F)cc1)c1ccccc1C2	chembl_20827	POSITIVE
OC(=O)C1=C[C@@]2(CC1)CCN(C(=O)c1ccc(NC(=O)c3cc(F)ccc3Cl)cc1)c1ccccc1C2	chembl_21018	POSITIVE
OC(=O)CC1CCN(C(=O)c2ccc(NC(=O)c3ccccc3-c3ccccc3)cc2)c2ccccc2S1	chembl_20801	POSITIVE
OC(=O)CC[C@@H]1CCN(C(=O)c2ccc(NC(=O)c3ccccc3-c3ccccc3)cc2)c2ccccc2S1	chembl_21148	NEGATIVE
OC(=O)CC[C@H]1CCN(C(=O)c2ccc(NC(=O)c3ccccc3-c3ccccc3)cc2)c2ccccc2S1	chembl_21351	POSITIVE
OC(=O)CNC(=O)C1=CC2(CC1)CCN(C(=O)c1ccc(NC(=O)c3ccccc3-c3ccccc3)cc1)c1ccccc1C2	chembl_21318	POSITIVE
OC(=O)COCc1nnc(C2CCN(CC2)c2ccccn2)n1Cc1ccccc1	chembl_20992	NEGATIVE
OC(=O)C[C@@H]1CCN(C(=O)c2ccc(NC(=O)c3ccccc3-c3ccccc3)cc2)c2ccccc2S1	chembl_21491	NEGATIVE
OC(=O)C[C@H]1CCN(C(=O)c2ccc(NC(=O)c3ccccc3-c3ccccc3)cc2)c2ccccc2S1	chembl_21147	POSITIVE
OC(=O)c1cccc(Cn2c(nn(Cc3nnc(Cc4c(Cl)cccc4Cl)[nH]3)c2=O)-c2ccc(Cl)cc2)c1	chembl_21112	POSITIVE
OC(Cn1c(nn(Cc2cc(ccc2C(O)=O)-c2ccccc2Cl)c1=O)-c1ccc(Cl)cc1)C(F)(F)F	chembl_21200	NEGATIVE
OC(Cn1c(nn(Cc2cccc(c2)-c2ccccc2Cl)c1=O)-c1ccc(Cl)cc1)C(F)(F)F	chembl_21077	POSITIVE
OC(Cn1c(nn(Cc2cncc(c2)-c2ccccc2Cl)c1=O)-c1ccc(Cl)cc1)C(F)(F)F	chembl_20996	POSITIVE
OC(Cn1c(nn(c1=O)S(=O)(=O)c1ncnn1Cc1ccccc1C(F)(F)F)-c1ccc(Cl)cc1)C(F)(F)F	chembl_21462	POSITIVE
OC1(Cc2ccccc2)CCN(CC1)C(=O)c1cccc2ccccc12	chembl_20925	NEGATIVE
OC1CCCC(C1)NC(=O)[C@@H](Cc1ccc(Cl)cc1)NC(=O)Cc1ccc(Cl)cc1	chembl_21400	POSITIVE
OC1CCCCC1NC(=O)[C@@H](Cc1ccc(Cl)cc1)NC(=O)Cc1ccc(Cl)cc1	chembl_20911	POSITIVE
OC1Cc2nnc([C@H]3CC[C@@H](CC3)Oc3ccccn3)n2-c2ccc(Cl)cc2C1	chembl_21505	POSITIVE
OC1Cc2nnc([C@H]3CC[C@@H](CC3)Oc3ccccn3)n2-c2cccc(Cl)c2C1	chembl_20895	POSITIVE
OCC1=CC2(CC1)CCN(C(=O)c1ccc(NC(=O)c3ccccc3-c3ccccc3)cc1)c1ccccc1C2	chembl_20822	POSITIVE
OCCC1CCN(C(=O)c2ccc(NC(=O)c3ccccc3-c3ccccc3)cc2)c2ccccc2S1	chembl_21155	POSITIVE
OCCCNC(=O)CCc1ccc(cc1)S(=O)(=O)N(CC(=O)N\N=C1/C(=O)Nc2ccccc12)c1ccc(Cl)cc1	chembl_20861	POSITIVE
OCCCNC(=O)[C@@H](Cc1ccc(Cl)cc1)NC(=O)C1(CC1)c1ccc(Cl)cc1	chembl_21272	POSITIVE
OCCCNC(=O)[C@@H](Cc1ccc(Cl)cc1)NC(=O)C1(CCC1)c1ccc(Cl)cc1	chembl_21414	POSITIVE
OCCCNC(=O)[C@@H](Cc1ccc(Cl)cc1)NC(=O)C1(CCCC1)c1ccc(F)cc1	chembl_21464	POSITIVE
OCCCNC(=O)[C@@H](Cc1ccc(Cl)cc1)NC(=O)Cc1ccc(Cl)cc1	chembl_20481	POSITIVE
OCCCc1ccc(cc1)S(=O)(=O)N(CC(=O)N\N=C1/C(=O)Nc2ccccc12)c1ccc(Cl)cc1	chembl_20521	POSITIVE
OCCNC(=O)C1=CC2(CC1)CCN(C(=O)c1ccc(NC(=O)c3ccccc3-c3ccccc3)cc1)c1ccccc1C2	chembl_21266	POSITIVE
OCCNC(=O)C1=CC2(CC1)CCN(C(=O)c1ccc(NC(=O)c3ccccc3F)cc1)c1ccccc1C2	chembl_21485	POSITIVE
OC[C@@H](Cc1cccc(c1)C(F)(F)F)NC(=O)Cn1nc(-c2ccc(Cl)cc2)n(C[C@H](O)C(F)(F)F)c1=O	chembl_21053	POSITIVE
OS(=O)(=O)CCC1CCN(C(=O)c2ccc(NC(=O)c3ccccc3-c3ccccc3)cc2)c2ccccc2S1	chembl_20821	NEGATIVE
O[C@@H](Cn1c(nn(CC(=O)NCC(NC=O)c2cccc(c2)C(F)(F)F)c1=O)-c1ccc(Cl)cc1)C(F)(F)F	chembl_20939	POSITIVE
O[C@@H](Cn1c(nn(Cc2cc(ncn2)-c2cccc(Cl)c2Cl)c1=O)-c1ccc(Cl)cc1)C(F)(F)F	chembl_21410	POSITIVE
O[C@@H](Cn1c(nn(Cc2ccc(s2)-c2cccc(Cl)c2Cl)c1=O)-c1ccc(Cl)cc1)C(F)(F)F	chembl_21227	POSITIVE
O[C@@H](Cn1c(nn(Cc2ccnc(c2)-c2ccccc2Cl)c1=O)-c1ccc(Cl)cc1)C(F)(F)F	chembl_21404	POSITIVE
O[C@@H](Cn1c(nn(Cc2ccnc(n2)-c2ccccc2Cl)c1=O)-c1ccc(Cl)cc1)C(F)(F)F	chembl_21470	POSITIVE
O[C@@H](Cn1c(nn(Cc2cn(cn2)-c2ccccc2Cl)c1=O)-c1ccc(Cl)cc1)C(F)(F)F	chembl_20649	POSITIVE
O[C@@H](Cn1c(nn(Cc2cn(nn2)-c2ccccc2Cl)c1=O)-c1ccc(Cl)cc1)C(F)(F)F	chembl_21383	POSITIVE
O[C@@H](Cn1c(nn(Cc2cnc(o2)-c2cccc(Cl)c2Cl)c1=O)-c1ccc(Cl)cc1)C(F)(F)F	chembl_21412	POSITIVE
O[C@@H](Cn1c(nn(Cc2cnc(s2)-c2ccccc2C(F)(F)F)c1=O)-c1ccc(Cl)cc1)C(F)(F)F	chembl_21490	POSITIVE
O[C@@H](Cn1c(nn(Cc2cnn(c2)-c2ccccc2Cl)c1=O)-c1ccc(Cl)cc1)C(F)(F)F	chembl_20965	POSITIVE
O[C@@H](Cn1c(nn(Cc2nc(-c3ccccc3Cl)n(CC(O)=O)n2)c1=O)-c1ccc(Cl)cc1)C(F)(F)F	chembl_21004	POSITIVE
O[C@@H](Cn1c(nn(Cc2nc(no2)-c2ccccc2C(F)(F)F)c1=O)-c1ccc(Cl)cc1)C(F)(F)F	chembl_21352	POSITIVE
O[C@@H](Cn1c(nn(Cc2ncc(s2)-c2ccccc2Cl)c1=O)-c1ccc(Cl)cc1)C(F)(F)F	chembl_20943	POSITIVE
O[C@@H](Cn1c(nn(Cc2nnc(Cc3ccccc3Cl)[nH]2)c1=O)-c1ccc(Cl)cc1)C(F)(F)F	chembl_20647	POSITIVE
O[C@@H](Cn1c(nn(Cc2nnc(Cc3ccccc3F)[nH]2)c1=O)-c1ccc(Cl)cc1)C(F)(F)F	chembl_20708	POSITIVE
O[C@@H](Cn1c(nn(Cc2nnc([nH]2)-c2ccccc2Cl)c1=O)-c1ccc(Cl)cc1)C(F)(F)F	chembl_21387	POSITIVE
O[C@@H](Cn1c(nn(Cc2nnc(o2)-c2ccccc2Cl)c1=O)-c1ccc(Cl)cc1)C(F)(F)F	chembl_21202	POSITIVE
O[C@@H](Cn1c(nn(Cc2nnc(s2)-c2ccccc2C(F)(F)F)c1=O)-c1ccc(Cl)cc1)C(F)(F)F	chembl_20987	POSITIVE
O[C@@H]1Cc2nnc([C@H]3CC[C@@H](CC3)Oc3ccccn3)n2-c2ccc(Cl)cc2C1	chembl_20510	POSITIVE
O[C@H]1CC[C@H](CC1)NC(=O)[C@@H](Cc1ccc(Cl)cc1)NC(=O)Cc1ccc(Cl)cc1	chembl_20869	POSITIVE
O[C@H]1Cc2nnc([C@H]3CC[C@@H](CC3)Oc3ccccn3)n2-c2ccc(Cl)cc2C1	chembl_20894	POSITIVE
Oc1cc(NC(=O)c2ccccc2-c2ccccc2)ccc1C(=O)N1CC2CSCCN2Cc2ccccc12	chembl_21233	POSITIVE
Oc1ccc(-c2ccccc2)c(c1)C(=O)Nc1ccc(C(=O)N2C[C@H]3COCCN3Cc3ccccc23)c(Cl)c1	chembl_21089	NEGATIVE
Oc1ccc(C(=O)Nc2ccc(C(=O)N3C[C@H]4COCCN4Cc4ccccc34)c(Cl)c2)c(c1)-c1ccccc1	chembl_21241	POSITIVE
Oc1ccc(cc1)-c1ccccc1C(=O)Nc1ccc(C(=O)N2C[C@H]3COCCN3Cc3ccccc23)c(Cl)c1	chembl_20809	NEGATIVE
Oc1cccc(c1)-c1ccccc1C(=O)Nc1ccc(C(=O)N2C[C@H]3COCCN3Cc3ccccc23)c(Cl)c1	chembl_20712	NEGATIVE
